-- phpMyAdmin SQL Dump
-- version 4.0.4.1
-- http://www.phpmyadmin.net
--
-- Host: 127.0.0.1
-- Generato il: Mag 19, 2014 alle 16:26
-- Versione del server: 5.5.32
-- Versione PHP: 5.4.19

SET SQL_MODE = "NO_AUTO_VALUE_ON_ZERO";
SET time_zone = "+00:00";


/*!40101 SET @OLD_CHARACTER_SET_CLIENT=@@CHARACTER_SET_CLIENT */;
/*!40101 SET @OLD_CHARACTER_SET_RESULTS=@@CHARACTER_SET_RESULTS */;
/*!40101 SET @OLD_COLLATION_CONNECTION=@@COLLATION_CONNECTION */;
/*!40101 SET NAMES utf8 */;

--
-- Database: `hack4med`
--
CREATE DATABASE IF NOT EXISTS `hack4med` DEFAULT CHARACTER SET utf8 COLLATE utf8_general_ci;
USE `hack4med`;

DELIMITER $$
--
-- Procedure
--
CREATE DEFINER=`root`@`localhost` PROCEDURE `getcomuni`()
select * from comuni$$

DELIMITER ;

-- --------------------------------------------------------

--
-- Struttura della tabella `aziendeallevcomuni`
--

CREATE TABLE IF NOT EXISTS `aziendeallevcomuni` (
  `istat` char(6) NOT NULL,
  `anno1982` int(11) DEFAULT NULL,
  `anno1990` int(11) DEFAULT NULL,
  `anno2000` int(11) DEFAULT NULL,
  `anno2010` int(11) DEFAULT NULL,
  PRIMARY KEY (`istat`)
) ENGINE=InnoDB DEFAULT CHARSET=utf8;

--
-- Dump dei dati per la tabella `aziendeallevcomuni`
--

INSERT INTO `aziendeallevcomuni` (`istat`, `anno1982`, `anno1990`, `anno2000`, `anno2010`) VALUES
('23001', 39, 29, 9, 5),
('23002', 177, 136, 95, 65),
('23003', 55, 17, 7, 10),
('23004', 110, 76, 30, 27),
('23005', 137, 84, 64, 69),
('23006', 85, 38, 27, 20),
('23007', 68, 53, 11, 8),
('23008', 51, 41, 14, 12),
('23009', 55, 51, 29, 18),
('23010', 69, 37, 11, 8),
('23011', 143, 119, 90, 65),
('23012', 144, 60, 44, 40),
('23013', 16, 13, 7, 11),
('23014', 57, 48, 8, 14),
('23015', 166, 106, 51, 41),
('23016', 83, 53, 25, 17),
('23017', 28, 23, 11, 2),
('23018', 237, 175, 146, 99),
('23019', 75, 27, 16, 13),
('23020', 105, 48, 11, 9),
('23021', 81, 56, 22, 23),
('23022', 141, 80, 39, 27),
('23023', 55, 38, 15, 18),
('23024', 50, 13, 22, 2),
('23025', 157, 58, 45, 33),
('23026', 43, 30, 23, 13),
('23027', 286, 133, 107, 83),
('23028', 56, 19, 16, 29),
('23029', 18, 13, 10, 11),
('23030', 57, 34, 22, 18),
('23031', 15, 13, 2, 3),
('23032', 57, 36, 13, 17),
('23033', 81, 84, 67, 46),
('23034', 15, 10, 11, 9),
('23035', 125, 71, 50, 43),
('23036', 20, 20, 6, 1),
('23037', 165, 134, 74, 44),
('23038', 205, 142, 111, 95),
('23039', 77, 43, 32, 11),
('23040', 201, 144, 90, 74),
('23041', 126, 87, 47, 48),
('23042', 35, 25, 13, 11),
('23043', 81, 55, 37, 21),
('23044', 283, 78, 49, 33),
('23045', 80, 66, 28, 26),
('23046', 135, 95, 42, 26),
('23047', 59, 46, 44, 22),
('23048', 166, 69, 43, 31),
('23049', 128, 65, 30, 14),
('23050', 17, 10, 5, 10),
('23051', 109, 78, 43, 36),
('23052', 177, 128, 45, 46),
('23053', 151, 80, 49, 39),
('23054', 97, 55, 33, 29),
('23055', 148, 94, 71, 48),
('23056', 30, 24, 16, 23),
('23057', 31, 30, 6, 8),
('23058', 176, 97, 73, 59),
('23059', 54, 23, 14, 2),
('23060', 114, 75, 54, 49),
('23061', 168, 75, 39, 32),
('23062', 73, 55, 40, 24),
('23063', 136, 63, 27, 24),
('23064', 107, 103, 58, 48),
('23065', 124, 74, 38, 37),
('23066', 73, 41, 39, 21),
('23067', 209, 151, 106, 87),
('23068', 152, 99, 71, 51),
('23069', 117, 72, 45, 53),
('23070', 251, 171, 93, 33),
('23071', 106, 43, 23, 20),
('23072', 47, 32, 20, 14),
('23073', 100, 72, 45, 42),
('23074', 68, 56, 48, 32),
('23075', 69, 33, 11, 14),
('23076', 73, 26, 10, 6),
('23077', 38, 30, 12, 11),
('23078', 242, 219, 154, 109),
('23079', 78, 58, 51, 42),
('23080', 140, 104, 72, 66),
('23081', 53, 16, 9, 12),
('23082', 238, 154, 109, 68),
('23083', 238, 171, 111, 53),
('23084', 117, 70, 47, 19),
('23085', 93, 32, 17, 13),
('23086', 34, 24, 18, 13),
('23087', 110, 83, 73, 58),
('23088', 95, 53, 31, 25),
('23089', 392, 279, 168, 113),
('23090', 133, 118, 87, 83),
('23091', 941, 419, 229, 186),
('23092', 84, 71, 44, 44),
('23093', 271, 196, 105, 70),
('23094', 112, 74, 47, 26),
('23095', 170, 52, 9, 31),
('23096', 512, 344, 171, 145),
('23097', 183, 129, 79, 67),
('23098', 167, 122, 70, 48),
('24001', 86, 70, 52, 21),
('24002', 110, 84, 56, 46),
('24003', 56, 38, 13, 14),
('24004', 49, 26, 14, 8),
('24005', 125, 93, 36, 21),
('24006', 224, 112, 69, 25),
('24007', 64, 33, 18, 16),
('24008', 357, 188, 95, 54),
('24009', 186, 158, 107, 94),
('24010', 78, 42, 22, 6),
('24011', 105, 63, 38, 28),
('24012', 253, 167, 121, 85),
('24013', 196, 152, 96, 56),
('24014', 288, 202, 126, 71),
('24015', 177, 100, 45, 37),
('24016', 201, 143, 64, 41),
('24017', 153, 94, 48, 14),
('24018', 172, 102, 75, 36),
('24019', 68, 40, 26, 18),
('24020', 66, 45, 17, 14),
('24021', 340, 233, 156, 85),
('24022', 127, 65, 45, 28),
('24023', 36, 2, 6, 2),
('24024', 74, 55, 33, 20),
('24025', 148, 103, 69, 27),
('24026', 192, 141, 63, 47),
('24027', 91, 65, 44, 19),
('24028', 173, 126, 76, 41),
('24029', 189, 138, 62, 45),
('24030', 44, 25, 14, 5),
('24031', 25, 9, 13, 5),
('24032', 110, 42, 17, 12),
('24033', 90, 52, 39, 33),
('24034', 249, 152, 106, 37),
('24035', 82, 53, 44, 23),
('24036', 77, 38, 37, 9),
('24037', 166, 101, 57, 29),
('24038', 195, 115, 66, 39),
('24039', 76, 51, 35, 37),
('24040', 250, 184, 108, 51),
('24041', 58, 50, 33, 35),
('24042', 77, 58, 47, 39),
('24043', 26, 15, 12, 12),
('24044', 101, 54, 27, 9),
('24045', 88, 71, 21, 17),
('24046', 139, 94, 55, 37),
('24047', 131, 77, 54, 37),
('24048', 244, 159, 99, 45),
('24049', 29, 13, 4, 1),
('24050', 4, 1, 1, 1),
('24051', 145, 80, 61, 35),
('24052', 249, 182, 102, 80),
('24053', 111, 63, 33, 32),
('24054', 142, 110, 49, 46),
('24055', 268, 164, 103, 46),
('24056', 166, 88, 64, 28),
('24057', 444, 335, 240, 129),
('24058', 200, 134, 81, 43),
('24059', 145, 89, 54, 25),
('24060', 116, 48, 20, 18),
('24061', 196, 127, 78, 32),
('24062', 123, 70, 51, 29),
('24063', 168, 104, 64, 25),
('24064', 181, 99, 73, 41),
('24065', 111, 94, 63, 32),
('24066', 69, 33, 25, 13),
('24067', 89, 46, 38, 17),
('24068', 86, 53, 40, 30),
('24069', 104, 55, 40, 19),
('24070', 256, 164, 120, 62),
('24071', 103, 83, 36, 19),
('24072', 112, 63, 32, 20),
('24073', 104, 79, 48, 27),
('24074', 185, 133, 90, 30),
('24075', 122, 121, 68, 18),
('24076', 5, 2, 3, 1),
('24077', 85, 53, 24, 21),
('24078', 74, 33, 25, 24),
('24079', 234, 172, 121, 48),
('24080', 70, 28, 11, 10),
('24081', 30, 19, 18, 12),
('24082', 171, 130, 85, 49),
('24083', 166, 108, 61, 46),
('24084', 210, 142, 94, 42),
('24085', 100, 80, 54, 42),
('24086', 167, 107, 80, 40),
('24087', 372, 205, 125, 72),
('24088', 199, 101, 64, 35),
('24089', 29, 10, 5, 4),
('24090', 103, 69, 47, 30),
('24091', 273, 172, 94, 70),
('24092', 68, 40, 25, 17),
('24093', 7, 3, 3, 10),
('24094', 29, 24, 9, 3),
('24095', 84, 40, 24, 39),
('24096', 57, 21, 15, 5),
('24097', 152, 106, 62, 48),
('24098', 129, 74, 24, 25),
('24099', 163, 122, 78, 57),
('24100', 318, 143, 78, 58),
('24101', 17, 12, 11, 9),
('24102', 174, 158, 68, 56),
('24103', 115, 75, 49, 23),
('24104', 305, 172, 83, 61),
('24105', 137, 75, 49, 35),
('24106', 39, 15, 11, 6),
('24107', 95, 50, 32, 17),
('24108', 138, 118, 52, 24),
('24110', 240, 176, 91, 58),
('24111', 381, 227, 116, 65),
('24112', 35, 12, 8, 5),
('24113', 205, 117, 57, 20),
('24114', 15, 8, 3, 1),
('24115', 67, 44, 27, 16),
('24116', 531, 329, 242, 91),
('24117', 130, 71, 43, 48),
('24118', 174, 123, 87, 51),
('24119', 64, 39, 31, 17),
('24120', 21, 11, 5, 4),
('24121', 32, 24, 13, 3),
('24122', 139, 93, 54, 40),
('25001', 80, 57, 40, 24),
('25002', 101, 65, 46, 35),
('25003', 17, 3, 2, 4),
('25004', 114, 47, 24, 4),
('25005', 8, 9, 6, 2),
('25006', 478, 284, 194, 126),
('25007', 8, 5, 3, 0),
('25008', 10, 4, 2, 0),
('25009', 13, 12, 4, 7),
('25010', 26, 10, 4, 4),
('25011', 256, 139, 95, 64),
('25012', 148, 85, 31, 15),
('25013', 1, 0, 1, 1),
('25014', 55, 35, 23, 8),
('25015', 67, 49, 39, 23),
('25016', 46, 33, 15, 12),
('25017', 5, 2, 2, 1),
('25018', 11, 7, 7, 7),
('25019', 34, 16, 8, 10),
('25020', 86, 66, 31, 12),
('25021', 440, 259, 157, 111),
('25022', 121, 69, 29, 23),
('25023', 54, 16, 2, 4),
('25024', 7, 3, 3, 5),
('25025', 74, 28, 8, 3),
('25026', 148, 51, 28, 17),
('25027', 54, 22, 14, 18),
('25028', 154, 113, 59, 43),
('25029', 211, 135, 73, 52),
('25030', 128, 87, 46, 24),
('25031', 47, 13, 14, 10),
('25032', 8, 4, 3, 1),
('25033', 15, 7, 1, 1),
('25034', 413, 280, 140, 68),
('25035', 3, 3, 7, 1),
('25036', 130, 92, 49, 27),
('25037', 0, 0, 0, 2),
('25038', 129, 81, 48, 27),
('25039', 10, 3, 5, 8),
('25040', 209, 113, 57, 32),
('25041', 100, 41, 14, 15),
('25042', 90, 49, 32, 22),
('25043', 53, 11, 12, 5),
('25044', 48, 19, 8, 11),
('25045', 108, 66, 38, 16),
('25046', 6, 3, 4, 4),
('25047', 93, 50, 17, 19),
('25048', 194, 100, 65, 41),
('25049', 19, 7, 4, 0),
('25050', 54, 22, 8, 7),
('25051', 26, 7, 5, 6),
('25052', 85, 41, 20, 9),
('25053', 175, 79, 60, 46),
('25054', 39, 19, 7, 4),
('25055', 147, 83, 63, 38),
('25056', 123, 51, 47, 17),
('25057', 12, 3, 1, 0),
('25058', 105, 42, 39, 13),
('25059', 64, 35, 27, 13),
('25060', 97, 61, 40, 42),
('25061', 250, 173, 86, 61),
('25062', 21, 4, 5, 3),
('25063', 2, 1, 4, 5),
('25064', 31, 12, 8, 3),
('25065', 14, 11, 7, 4),
('25066', 7, 2, 0, 3),
('25067', 25, 10, 3, 6),
('25068', 33, 15, 8, 9),
('25069', 2, 1, 0, 1),
('26001', 384, 242, 195, 132),
('26002', 139, 79, 49, 28),
('26003', 398, 251, 203, 125),
('26004', 243, 133, 68, 59),
('26005', 320, 162, 127, 53),
('26006', 201, 147, 102, 57),
('26007', 163, 94, 62, 38),
('26008', 216, 156, 95, 47),
('26009', 225, 164, 88, 38),
('26010', 79, 62, 45, 20),
('26011', 89, 62, 50, 34),
('26012', 670, 408, 210, 140),
('26013', 375, 281, 174, 106),
('26014', 161, 116, 55, 40),
('26015', 228, 124, 103, 29),
('26016', 218, 142, 95, 23),
('26017', 174, 90, 43, 21),
('26018', 150, 90, 57, 25),
('26019', 345, 217, 105, 45),
('26020', 154, 93, 60, 21),
('26021', 293, 155, 102, 57),
('26022', 205, 124, 93, 39),
('26023', 94, 67, 37, 27),
('26024', 137, 103, 75, 52),
('26025', 200, 125, 53, 34),
('26026', 394, 261, 130, 57),
('26027', 119, 109, 73, 30),
('26028', 453, 316, 177, 88),
('26029', 224, 144, 102, 73),
('26030', 164, 114, 70, 39),
('26031', 348, 171, 112, 83),
('26032', 251, 184, 75, 50),
('26033', 333, 193, 127, 49),
('26034', 187, 169, 102, 39),
('26035', 420, 262, 165, 84),
('26036', 473, 314, 193, 107),
('26037', 336, 208, 157, 61),
('26038', 355, 185, 116, 78),
('26039', 303, 222, 157, 81),
('26040', 292, 218, 119, 54),
('26041', 136, 132, 60, 12),
('26042', 115, 63, 15, 19),
('26043', 359, 271, 134, 58),
('26044', 151, 100, 75, 30),
('26045', 142, 89, 62, 54),
('26046', 643, 419, 194, 165),
('26047', 174, 95, 52, 24),
('26048', 65, 49, 18, 12),
('26049', 319, 184, 123, 39),
('26050', 343, 241, 132, 79),
('26051', 457, 232, 163, 55),
('26052', 253, 151, 72, 29),
('26053', 104, 71, 48, 16),
('26054', 117, 90, 58, 42),
('26055', 412, 331, 184, 131),
('26056', 187, 131, 84, 44),
('26057', 232, 134, 80, 26),
('26058', 366, 220, 114, 31),
('26059', 296, 199, 97, 72),
('26060', 34, 30, 18, 7),
('26061', 30, 23, 16, 12),
('26062', 229, 144, 74, 61),
('26063', 222, 231, 63, 21),
('26064', 204, 134, 98, 47),
('26065', 141, 113, 70, 25),
('26066', 495, 283, 180, 117),
('26067', 74, 49, 24, 7),
('26068', 533, 352, 176, 135),
('26069', 438, 283, 204, 80),
('26070', 267, 115, 98, 31),
('26071', 412, 233, 210, 82),
('26072', 253, 178, 86, 46),
('26073', 221, 138, 62, 23),
('26074', 231, 149, 87, 37),
('26075', 123, 69, 58, 34),
('26076', 257, 138, 86, 34),
('26077', 302, 204, 134, 101),
('26078', 227, 142, 84, 40),
('26079', 71, 42, 29, 34),
('26080', 175, 78, 22, 30),
('26081', 224, 85, 65, 20),
('26082', 181, 154, 71, 31),
('26083', 139, 90, 54, 49),
('26084', 195, 153, 95, 44),
('26085', 415, 264, 184, 90),
('26086', 398, 261, 160, 61),
('26087', 441, 259, 113, 107),
('26088', 329, 263, 117, 55),
('26089', 880, 525, 281, 198),
('26090', 115, 61, 37, 22),
('26091', 259, 194, 91, 31),
('26092', 473, 378, 161, 88),
('26093', 525, 358, 182, 117),
('26094', 81, 47, 35, 8),
('26095', 396, 279, 148, 53),
('27001', 226, 178, 105, 24),
('27002', 191, 117, 66, 15),
('27003', 388, 163, 117, 33),
('27004', 305, 124, 87, 23),
('27005', 153, 126, 55, 28),
('27006', 431, 235, 185, 47),
('27007', 227, 135, 71, 22),
('27008', 279, 195, 83, 22),
('27009', 228, 143, 73, 20),
('27010', 102, 68, 46, 12),
('27011', 406, 290, 115, 19),
('27012', 207, 115, 80, 24),
('27013', 655, 500, 260, 44),
('27014', 49, 29, 22, 11),
('27015', 105, 79, 36, 12),
('27016', 178, 105, 57, 10),
('27017', 112, 47, 40, 10),
('27018', 227, 145, 59, 12),
('27019', 618, 416, 208, 31),
('27020', 109, 89, 53, 26),
('27021', 190, 110, 89, 32),
('27022', 185, 105, 69, 22),
('27023', 351, 218, 143, 64),
('27024', 494, 377, 215, 89),
('27025', 381, 191, 111, 40),
('27026', 386, 188, 115, 54),
('27027', 190, 141, 72, 10),
('27028', 259, 175, 169, 39),
('27029', 577, 394, 179, 45),
('27030', 258, 164, 75, 27),
('27031', 83, 53, 35, 9),
('27032', 256, 177, 116, 29),
('27033', 779, 483, 252, 75),
('27034', 492, 242, 142, 23),
('27035', 376, 200, 125, 64),
('27036', 416, 242, 147, 38),
('27037', 484, 286, 173, 70),
('27038', 126, 79, 63, 20),
('27039', 58, 39, 28, 4),
('27040', 103, 66, 15, 6),
('27041', 234, 237, 162, 35),
('27042', 722, 561, 233, 51),
('27043', 152, 67, 51, 20),
('27044', 0, 0, 68, 7),
('28001', 148, 63, 65, 20),
('28002', 71, 38, 36, 6),
('28003', 222, 134, 86, 39),
('28004', 253, 155, 77, 20),
('28005', 55, 48, 30, 12),
('28006', 110, 74, 46, 9),
('28007', 196, 73, 50, 25),
('28008', 175, 68, 54, 15),
('28009', 113, 109, 47, 26),
('28010', 46, 33, 11, 7),
('28011', 10, 9, 2, 1),
('28012', 126, 15, 37, 8),
('28013', 409, 174, 119, 59),
('28014', 183, 89, 75, 36),
('28015', 261, 157, 63, 56),
('28016', 195, 98, 57, 13),
('28017', 392, 248, 137, 124),
('28018', 140, 114, 77, 51),
('28019', 433, 292, 169, 72),
('28020', 197, 142, 91, 39),
('28021', 199, 121, 56, 15),
('28022', 153, 86, 44, 17),
('28023', 142, 104, 89, 57),
('28026', 189, 117, 32, 32),
('28027', 151, 114, 27, 13),
('28028', 210, 144, 65, 25),
('28029', 99, 64, 29, 4),
('28030', 187, 114, 60, 62),
('28031', 77, 72, 42, 10),
('28032', 589, 356, 146, 142),
('28033', 351, 196, 151, 49),
('28034', 228, 79, 59, 28),
('28035', 335, 235, 80, 35),
('28036', 256, 147, 134, 52),
('28037', 174, 125, 68, 38),
('28038', 318, 201, 94, 78),
('28039', 149, 94, 48, 34),
('28040', 117, 67, 52, 10),
('28041', 262, 221, 142, 99),
('28042', 239, 154, 109, 66),
('28043', 73, 49, 16, 12),
('28044', 201, 76, 42, 40),
('28045', 163, 106, 59, 21),
('28046', 389, 248, 148, 94),
('28047', 162, 151, 63, 31),
('28048', 229, 144, 75, 33),
('28049', 97, 53, 30, 14),
('28050', 252, 149, 107, 51),
('28051', 169, 81, 22, 17),
('28052', 153, 92, 59, 15),
('28053', 158, 74, 61, 17),
('28054', 192, 141, 63, 49),
('28055', 417, 185, 109, 39),
('28056', 283, 145, 63, 48),
('28057', 129, 60, 42, 17),
('28058', 51, 19, 19, 8),
('28059', 134, 73, 37, 44),
('28060', 426, 201, 123, 65),
('28061', 114, 89, 50, 13),
('28062', 89, 52, 12, 4),
('28063', 473, 344, 211, 109),
('28064', 524, 397, 186, 78),
('28065', 491, 280, 125, 49),
('28066', 128, 69, 34, 12),
('28067', 137, 97, 38, 17),
('28068', 111, 61, 11, 11),
('28069', 112, 68, 32, 17),
('28070', 121, 92, 70, 28),
('28071', 191, 175, 93, 68),
('28072', 159, 105, 54, 20),
('28073', 189, 119, 88, 48),
('28074', 168, 110, 70, 27),
('28075', 335, 183, 131, 88),
('28076', 456, 343, 184, 124),
('28077', 427, 285, 147, 134),
('28078', 210, 164, 109, 95),
('28079', 155, 37, 44, 70),
('28080', 379, 260, 164, 94),
('28081', 122, 118, 52, 15),
('28082', 178, 98, 57, 26),
('28083', 46, 28, 5, 6),
('28084', 70, 101, 30, 32),
('28085', 100, 62, 44, 17),
('28086', 116, 75, 52, 22),
('28087', 67, 30, 18, 12),
('28088', 75, 78, 58, 22),
('28089', 181, 111, 76, 58),
('28090', 161, 90, 52, 16),
('28091', 182, 132, 70, 37),
('28092', 92, 40, 25, 19),
('28093', 605, 356, 249, 120),
('28094', 169, 105, 43, 16),
('28095', 200, 123, 28, 26),
('28096', 173, 138, 70, 51),
('28097', 56, 42, 28, 7),
('28098', 76, 55, 22, 10),
('28099', 349, 230, 140, 67),
('28100', 338, 164, 97, 68),
('28101', 396, 279, 158, 88),
('28102', 126, 35, 28, 12),
('28103', 278, 173, 130, 73),
('28104', 219, 135, 56, 35),
('28105', 140, 63, 57, 35),
('28106', 249, 129, 50, 41),
('29001', 359, 215, 145, 52),
('29002', 161, 105, 78, 24),
('29003', 102, 54, 33, 8),
('29004', 227, 89, 84, 30),
('29005', 91, 55, 25, 5),
('29006', 91, 41, 30, 6),
('29007', 20, 2, 10, 6),
('29008', 36, 11, 6, 3),
('29009', 76, 40, 35, 13),
('29010', 54, 33, 17, 3),
('29011', 70, 16, 20, 4),
('29012', 55, 13, 12, 1),
('29013', 130, 67, 54, 14),
('29014', 91, 50, 19, 16),
('29015', 185, 27, 35, 17),
('29017', 124, 66, 40, 11),
('29018', 74, 9, 18, 7),
('29019', 120, 62, 29, 16),
('29021', 83, 37, 33, 6),
('29022', 123, 39, 14, 10),
('29023', 89, 23, 52, 9),
('29024', 28, 23, 14, 10),
('29025', 36, 11, 15, 8),
('29026', 79, 21, 29, 5),
('29027', 62, 14, 16, 5),
('29028', 51, 7, 6, 4),
('29029', 202, 95, 109, 30),
('29030', 129, 90, 70, 22),
('29031', 21, 25, 33, 11),
('29032', 95, 22, 23, 3),
('29033', 132, 37, 24, 11),
('29034', 69, 40, 12, 15),
('29035', 50, 44, 25, 15),
('29036', 78, 38, 22, 7),
('29037', 22, 17, 20, 5),
('29038', 26, 6, 10, 7),
('29039', 343, 199, 108, 20),
('29040', 202, 81, 94, 11),
('29041', 314, 150, 102, 45),
('29042', 70, 9, 23, 6),
('29043', 58, 21, 22, 3),
('29044', 72, 15, 23, 7),
('29045', 89, 38, 32, 10),
('29046', 231, 90, 84, 36),
('29047', 108, 16, 29, 12),
('29048', 121, 64, 27, 14),
('29049', 24, 28, 9, 7),
('29050', 58, 23, 20, 15),
('29051', 53, 35, 17, 7),
('29052', 145, 113, 63, 25);

-- --------------------------------------------------------

--
-- Struttura della tabella `aziendebiologiche`
--

CREATE TABLE IF NOT EXISTS `aziendebiologiche` (
  `istat` char(6) NOT NULL,
  `numero` int(11) DEFAULT NULL,
  PRIMARY KEY (`istat`)
) ENGINE=InnoDB DEFAULT CHARSET=utf8;

--
-- Dump dei dati per la tabella `aziendebiologiche`
--

INSERT INTO `aziendebiologiche` (`istat`, `numero`) VALUES
('23002', 1),
('23003', 3),
('23005', 3),
('23006', 9),
('23007', 9),
('23008', 5),
('23009', 2),
('23012', 4),
('23014', 4),
('23015', 5),
('23016', 2),
('23017', 8),
('23018', 5),
('23019', 9),
('23021', 1),
('23022', 3),
('23023', 8),
('23024', 1),
('23025', 10),
('23027', 1),
('23028', 8),
('23029', 3),
('23030', 7),
('23031', 1),
('23032', 2),
('23035', 7),
('23036', 2),
('23037', 4),
('23038', 7),
('23039', 4),
('23040', 18),
('23041', 6),
('23042', 1),
('23043', 9),
('23044', 13),
('23046', 2),
('23047', 3),
('23049', 1),
('23051', 6),
('23052', 4),
('23053', 3),
('23054', 1),
('23055', 5),
('23056', 4),
('23058', 6),
('23060', 2),
('23062', 2),
('23063', 5),
('23064', 10),
('23065', 3),
('23066', 2),
('23067', 3),
('23068', 4),
('23070', 2),
('23071', 2),
('23073', 7),
('23075', 3),
('23076', 3),
('23078', 3),
('23079', 13),
('23080', 10),
('23081', 3),
('23082', 16),
('23083', 5),
('23084', 3),
('23085', 9),
('23086', 2),
('23087', 8),
('23088', 2),
('23089', 5),
('23090', 2),
('23091', 26),
('23094', 2),
('23095', 8),
('23096', 19),
('23097', 14),
('24002', 1),
('24008', 1),
('24011', 5),
('24012', 5),
('24013', 1),
('24015', 2),
('24017', 1),
('24018', 1),
('24019', 1),
('24021', 1),
('24022', 1),
('24024', 1),
('24025', 1),
('24027', 3),
('24028', 1),
('24029', 1),
('24033', 2),
('24035', 1),
('24037', 6),
('24039', 1),
('24040', 1),
('24043', 3),
('24045', 1),
('24047', 2),
('24048', 1),
('24051', 1),
('24052', 7),
('24056', 3),
('24057', 4),
('24058', 1),
('24059', 1),
('24060', 1),
('24062', 1),
('24063', 2),
('24064', 2),
('24065', 2),
('24067', 2),
('24069', 2),
('24071', 2),
('24072', 1),
('24075', 1),
('24077', 1),
('24078', 2),
('24080', 2),
('24081', 2),
('24082', 1),
('24083', 2),
('24084', 4),
('24085', 2),
('24086', 1),
('24087', 1),
('24090', 1),
('24091', 2),
('24092', 3),
('24095', 1),
('24096', 1),
('24098', 7),
('24099', 1),
('24100', 5),
('24102', 2),
('24105', 1),
('24107', 6),
('24110', 3),
('24111', 6),
('24113', 4),
('24116', 5),
('24117', 2),
('24121', 1),
('24122', 2),
('25002', 1),
('25006', 3),
('25011', 7),
('25014', 1),
('25020', 4),
('25021', 2),
('25024', 1),
('25029', 1),
('25034', 3),
('25036', 1),
('25038', 2),
('25040', 1),
('25043', 1),
('25045', 1),
('25046', 1),
('25053', 2),
('25055', 1),
('25058', 1),
('25060', 6),
('26001', 3),
('26002', 4),
('26003', 3),
('26004', 4),
('26005', 4),
('26006', 2),
('26008', 2),
('26010', 2),
('26012', 3),
('26014', 1),
('26015', 2),
('26016', 1),
('26017', 1),
('26020', 2),
('26021', 1),
('26022', 2),
('26023', 2),
('26024', 1),
('26026', 4),
('26027', 3),
('26028', 2),
('26031', 4),
('26032', 6),
('26033', 1),
('26037', 1),
('26038', 2),
('26040', 1),
('26042', 3),
('26043', 4),
('26044', 3),
('26045', 2),
('26046', 8),
('26049', 3),
('26050', 3),
('26051', 1),
('26052', 2),
('26055', 1),
('26056', 3),
('26059', 5),
('26062', 2),
('26063', 1),
('26064', 4),
('26065', 2),
('26067', 1),
('26069', 15),
('26070', 2),
('26071', 2),
('26074', 2),
('26076', 1),
('26077', 2),
('26078', 1),
('26079', 1),
('26081', 1),
('26082', 5),
('26083', 5),
('26084', 1),
('26085', 8),
('26086', 10),
('26087', 1),
('26088', 4),
('26089', 7),
('26090', 1),
('26091', 10),
('26092', 1),
('26093', 6),
('26094', 1),
('26095', 3),
('27001', 6),
('27002', 1),
('27003', 6),
('27004', 2),
('27005', 1),
('27006', 5),
('27007', 2),
('27008', 3),
('27010', 3),
('27012', 1),
('27013', 3),
('27015', 1),
('27017', 1),
('27018', 1),
('27019', 2),
('27020', 1),
('27021', 2),
('27022', 1),
('27023', 4),
('27024', 1),
('27025', 2),
('27026', 1),
('27027', 2),
('27028', 3),
('27029', 3),
('27030', 2),
('27033', 3),
('27035', 3),
('27036', 1),
('27037', 1),
('27041', 5),
('27042', 8),
('27043', 1),
('27044', 3),
('28001', 1),
('28002', 5),
('28005', 1),
('28008', 4),
('28009', 9),
('28010', 3),
('28011', 1),
('28013', 3),
('28014', 1),
('28019', 1),
('28021', 1),
('28022', 1),
('28026', 1),
('28027', 2),
('28028', 1),
('28029', 8),
('28030', 1),
('28031', 5),
('28032', 7),
('28033', 2),
('28034', 1),
('28035', 1),
('28037', 1),
('28038', 4),
('28040', 1),
('28042', 1),
('28043', 2),
('28044', 3),
('28045', 2),
('28049', 5),
('28050', 2),
('28051', 1),
('28053', 1),
('28055', 1),
('28056', 2),
('28057', 1),
('28059', 1),
('28060', 9),
('28061', 2),
('28063', 1),
('28064', 4),
('28065', 1),
('28070', 1),
('28071', 6),
('28072', 1),
('28073', 2),
('28076', 7),
('28077', 2),
('28078', 1),
('28079', 2),
('28080', 1),
('28082', 1),
('28083', 1),
('28085', 3),
('28086', 2),
('28089', 2),
('28091', 1),
('28092', 5),
('28093', 3),
('28094', 1),
('28095', 1),
('28096', 3),
('28099', 1),
('28101', 3),
('28104', 2),
('28105', 4),
('28106', 4),
('29002', 1),
('29003', 1),
('29004', 3),
('29011', 1),
('29013', 1),
('29014', 1),
('29015', 2),
('29019', 1),
('29024', 1),
('29025', 1),
('29026', 1),
('29027', 1),
('29029', 2),
('29030', 3),
('29031', 2),
('29032', 1),
('29034', 1),
('29035', 1),
('29036', 1),
('29039', 3),
('29041', 2),
('29042', 1),
('29044', 2),
('29045', 2),
('29046', 2),
('29047', 1),
('29048', 1),
('29050', 1),
('29051', 1);

-- --------------------------------------------------------

--
-- Struttura della tabella `aziendecomuni`
--

CREATE TABLE IF NOT EXISTS `aziendecomuni` (
  `istat` char(6) NOT NULL,
  `anno1982` int(11) DEFAULT NULL,
  `anno1990` int(11) DEFAULT NULL,
  `anno2000` int(11) DEFAULT NULL,
  `anno2010` int(11) DEFAULT NULL,
  PRIMARY KEY (`istat`)
) ENGINE=InnoDB DEFAULT CHARSET=utf8;

--
-- Dump dei dati per la tabella `aziendecomuni`
--

INSERT INTO `aziendecomuni` (`istat`, `anno1982`, `anno1990`, `anno2000`, `anno2010`) VALUES
('23001', 111, 97, 83, 71),
('23002', 403, 360, 266, 196),
('23003', 213, 177, 148, 86),
('23004', 415, 360, 334, 196),
('23005', 279, 309, 200, 119),
('23006', 297, 287, 269, 184),
('23007', 184, 169, 147, 134),
('23008', 168, 142, 89, 79),
('23009', 243, 234, 176, 122),
('23010', 181, 115, 88, 63),
('23011', 172, 173, 123, 89),
('23012', 318, 255, 232, 157),
('23013', 238, 165, 152, 177),
('23014', 288, 235, 217, 150),
('23015', 327, 348, 258, 214),
('23016', 166, 152, 141, 101),
('23017', 229, 204, 174, 155),
('23018', 592, 554, 543, 286),
('23019', 294, 277, 197, 141),
('23020', 515, 500, 389, 225),
('23021', 180, 168, 153, 78),
('23022', 361, 339, 279, 196),
('23023', 141, 160, 116, 140),
('23024', 287, 285, 275, 195),
('23025', 402, 384, 306, 236),
('23026', 92, 91, 58, 31),
('23027', 561, 523, 511, 381),
('23028', 488, 414, 377, 378),
('23029', 74, 56, 41, 41),
('23030', 176, 142, 133, 87),
('23031', 140, 118, 96, 103),
('23032', 100, 93, 87, 71),
('23033', 120, 106, 73, 50),
('23034', 54, 54, 33, 15),
('23035', 346, 294, 260, 212),
('23036', 83, 72, 63, 35),
('23037', 620, 598, 451, 204),
('23038', 501, 484, 363, 204),
('23039', 334, 367, 351, 341),
('23040', 334, 323, 349, 255),
('23041', 265, 240, 208, 117),
('23042', 216, 203, 205, 175),
('23043', 304, 256, 254, 196),
('23044', 945, 885, 658, 468),
('23045', 336, 326, 246, 194),
('23046', 415, 380, 337, 265),
('23047', 209, 209, 280, 231),
('23048', 449, 359, 233, 186),
('23049', 492, 485, 461, 455),
('23050', 820, 784, 560, 632),
('23051', 169, 169, 133, 119),
('23052', 599, 536, 486, 504),
('23053', 364, 337, 241, 165),
('23054', 161, 151, 117, 91),
('23055', 294, 286, 222, 171),
('23056', 119, 115, 93, 95),
('23057', 120, 121, 69, 71),
('23058', 478, 427, 381, 253),
('23059', 138, 126, 108, 75),
('23060', 200, 175, 138, 122),
('23061', 333, 325, 248, 149),
('23062', 206, 195, 164, 143),
('23063', 577, 538, 471, 383),
('23064', 319, 327, 331, 228),
('23065', 321, 285, 252, 155),
('23066', 179, 164, 128, 91),
('23067', 299, 206, 118, 114),
('23068', 247, 250, 182, 151),
('23069', 516, 442, 350, 342),
('23070', 510, 513, 591, 429),
('23071', 255, 206, 160, 96),
('23072', 158, 134, 104, 71),
('23073', 231, 210, 195, 201),
('23074', 120, 127, 114, 67),
('23075', 217, 202, 148, 87),
('23076', 349, 283, 287, 269),
('23077', 237, 243, 149, 124),
('23078', 317, 303, 212, 143),
('23079', 123, 109, 64, 64),
('23080', 220, 217, 131, 80),
('23081', 620, 434, 434, 486),
('23082', 386, 379, 330, 300),
('23083', 476, 455, 403, 325),
('23084', 243, 183, 153, 103),
('23085', 404, 407, 347, 214),
('23086', 190, 183, 207, 104),
('23087', 359, 340, 275, 236),
('23088', 198, 162, 129, 96),
('23089', 613, 618, 509, 427),
('23090', 142, 143, 108, 92),
('23091', 1840, 1680, 1322, 1345),
('23092', 346, 312, 238, 120),
('23093', 415, 385, 387, 178),
('23094', 213, 207, 176, 128),
('23095', 745, 607, 454, 350),
('23096', 866, 756, 605, 493),
('23097', 481, 444, 378, 308),
('23098', 383, 354, 274, 212),
('24001', 159, 157, 138, 126),
('24002', 234, 233, 188, 152),
('24003', 121, 118, 98, 88),
('24004', 176, 195, 95, 74),
('24005', 244, 218, 101, 35),
('24006', 787, 694, 441, 191),
('24007', 233, 193, 55, 26),
('24008', 976, 935, 624, 247),
('24009', 258, 244, 114, 120),
('24010', 157, 141, 129, 101),
('24011', 262, 247, 184, 152),
('24012', 636, 528, 557, 293),
('24013', 262, 243, 190, 168),
('24014', 491, 498, 502, 374),
('24015', 487, 420, 391, 323),
('24016', 281, 263, 189, 93),
('24017', 392, 418, 391, 44),
('24018', 404, 365, 298, 210),
('24019', 249, 235, 247, 28),
('24020', 166, 165, 112, 31),
('24021', 515, 464, 423, 296),
('24022', 202, 203, 191, 159),
('24023', 107, 84, 18, 9),
('24024', 164, 133, 97, 42),
('24025', 278, 297, 281, 126),
('24026', 393, 369, 346, 178),
('24027', 219, 203, 166, 143),
('24028', 360, 332, 297, 107),
('24029', 434, 533, 511, 164),
('24030', 182, 124, 93, 9),
('24031', 102, 95, 49, 13),
('24032', 494, 344, 133, 28),
('24033', 211, 152, 79, 43),
('24034', 687, 620, 475, 96),
('24035', 174, 150, 156, 113),
('24036', 212, 198, 205, 61),
('24037', 242, 184, 137, 42),
('24038', 586, 544, 414, 222),
('24039', 176, 201, 85, 43),
('24040', 405, 372, 367, 223),
('24041', 117, 88, 80, 36),
('24042', 98, 81, 58, 50),
('24043', 373, 333, 314, 286),
('24044', 150, 148, 165, 44),
('24045', 234, 213, 146, 94),
('24046', 239, 212, 196, 154),
('24047', 224, 209, 186, 137),
('24048', 504, 509, 465, 207),
('24049', 74, 64, 20, 1),
('24050', 17, 10, 4, 2),
('24051', 262, 273, 256, 181),
('24052', 592, 592, 547, 410),
('24053', 269, 242, 157, 60),
('24054', 312, 202, 213, 62),
('24055', 672, 681, 644, 344),
('24056', 381, 351, 337, 157),
('24057', 847, 804, 763, 366),
('24058', 324, 314, 302, 219),
('24059', 296, 299, 333, 104),
('24060', 323, 293, 247, 233),
('24061', 531, 461, 392, 255),
('24062', 416, 334, 261, 114),
('24063', 492, 475, 398, 83),
('24064', 279, 278, 261, 206),
('24065', 160, 169, 177, 148),
('24066', 183, 140, 106, 57),
('24067', 149, 135, 128, 100),
('24068', 256, 229, 222, 122),
('24069', 225, 209, 193, 130),
('24070', 553, 545, 472, 224),
('24071', 203, 203, 197, 150),
('24072', 161, 142, 142, 48),
('24073', 172, 156, 130, 50),
('24074', 548, 484, 425, 310),
('24075', 287, 261, 207, 178),
('24076', 61, 16, 4, 2),
('24077', 152, 164, 134, 75),
('24078', 324, 246, 181, 36),
('24079', 486, 478, 412, 303),
('24080', 181, 96, 57, 14),
('24081', 57, 62, 46, 44),
('24082', 234, 188, 131, 80),
('24083', 226, 200, 165, 141),
('24084', 730, 589, 557, 80),
('24085', 239, 135, 82, 64),
('24086', 326, 311, 290, 149),
('24087', 764, 689, 614, 381),
('24088', 542, 448, 363, 216),
('24089', 117, 79, 33, 13),
('24090', 154, 138, 128, 58),
('24091', 477, 428, 347, 249),
('24092', 178, 167, 166, 108),
('24093', 69, 51, 5, 13),
('24094', 118, 102, 84, 14),
('24095', 209, 180, 62, 55),
('24096', 193, 178, 144, 52),
('24097', 376, 394, 403, 162),
('24098', 286, 342, 292, 236),
('24099', 229, 232, 162, 122),
('24100', 1049, 886, 786, 184),
('24101', 30, 27, 25, 17),
('24102', 312, 310, 265, 212),
('24103', 281, 273, 249, 134),
('24104', 631, 554, 411, 284),
('24105', 267, 250, 248, 142),
('24106', 108, 119, 51, 13),
('24107', 424, 352, 310, 41),
('24108', 213, 220, 192, 153),
('24110', 496, 484, 415, 132),
('24111', 1210, 1027, 962, 100),
('24112', 177, 59, 41, 6),
('24113', 576, 555, 454, 60),
('24114', 92, 78, 12, 3),
('24115', 279, 294, 115, 23),
('24116', 1246, 1168, 1025, 641),
('24117', 262, 245, 183, 162),
('24118', 259, 280, 298, 199),
('24119', 181, 175, 151, 32),
('24120', 94, 77, 80, 52),
('24121', 123, 129, 91, 28),
('24122', 383, 376, 333, 101),
('25001', 104, 70, 50, 36),
('25002', 192, 190, 149, 54),
('25003', 87, 17, 3, 6),
('25004', 596, 299, 132, 34),
('25005', 103, 156, 43, 16),
('25006', 1225, 1092, 895, 291),
('25007', 18, 9, 6, 8),
('25008', 42, 9, 2, 2),
('25009', 37, 38, 14, 8),
('25010', 55, 16, 6, 7),
('25011', 613, 479, 311, 119),
('25012', 305, 205, 40, 28),
('25013', 5, 24, 8, 2),
('25014', 60, 36, 29, 10),
('25015', 191, 111, 87, 27),
('25016', 86, 51, 25, 30),
('25017', 18, 8, 5, 2),
('25018', 163, 18, 8, 10),
('25019', 100, 42, 14, 14),
('25020', 245, 148, 65, 21),
('25021', 1162, 942, 677, 218),
('25022', 435, 313, 137, 44),
('25023', 88, 49, 8, 6),
('25024', 9, 4, 5, 7),
('25025', 126, 58, 33, 9),
('25026', 403, 300, 76, 43),
('25027', 60, 25, 22, 26),
('25028', 403, 326, 196, 69),
('25029', 444, 391, 243, 80),
('25030', 138, 90, 65, 35),
('25031', 115, 64, 19, 12),
('25032', 38, 5, 6, 3),
('25033', 31, 17, 4, 4),
('25034', 1082, 741, 566, 148),
('25035', 55, 18, 10, 1),
('25036', 371, 323, 240, 60),
('25037', 9, 1, 0, 3),
('25038', 220, 170, 59, 38),
('25039', 13, 15, 14, 12),
('25040', 815, 602, 388, 53),
('25041', 227, 83, 21, 30),
('25042', 145, 140, 90, 42),
('25043', 88, 26, 17, 11),
('25044', 94, 27, 13, 14),
('25045', 166, 153, 93, 40),
('25046', 16, 7, 8, 5),
('25047', 137, 68, 24, 28),
('25048', 526, 408, 358, 129),
('25049', 106, 13, 7, 2),
('25050', 68, 48, 13, 8),
('25051', 73, 37, 11, 22),
('25052', 128, 99, 36, 16),
('25053', 323, 290, 177, 107),
('25054', 43, 26, 9, 5),
('25055', 336, 231, 160, 57),
('25056', 390, 299, 308, 43),
('25057', 17, 14, 4, 3),
('25058', 209, 156, 76, 22),
('25059', 89, 44, 35, 17),
('25060', 176, 128, 51, 47),
('25061', 471, 407, 221, 84),
('25062', 54, 10, 7, 3),
('25063', 17, 23, 7, 5),
('25064', 93, 81, 42, 7),
('25065', 185, 83, 10, 6),
('25066', 15, 10, 1, 7),
('25067', 76, 13, 8, 7),
('25068', 58, 16, 9, 16),
('25069', 3, 2, 0, 2),
('26001', 660, 625, 547, 472),
('26002', 307, 267, 229, 135),
('26003', 727, 682, 632, 403),
('26004', 518, 379, 228, 104),
('26005', 582, 532, 464, 338),
('26006', 398, 410, 376, 307),
('26007', 393, 335, 307, 164),
('26008', 412, 418, 358, 232),
('26009', 506, 490, 399, 288),
('26010', 267, 244, 187, 127),
('26011', 179, 107, 90, 74),
('26012', 1467, 1311, 1004, 791),
('26013', 553, 573, 523, 436),
('26014', 285, 201, 140, 87),
('26015', 374, 360, 289, 223),
('26016', 394, 350, 274, 212),
('26017', 365, 305, 264, 199),
('26018', 439, 321, 337, 87),
('26019', 623, 621, 561, 452),
('26020', 387, 337, 309, 163),
('26021', 705, 647, 576, 363),
('26022', 470, 397, 383, 253),
('26023', 219, 213, 188, 106),
('26024', 232, 215, 171, 86),
('26025', 512, 429, 396, 193),
('26026', 867, 941, 671, 607),
('26027', 383, 344, 239, 122),
('26028', 697, 675, 624, 491),
('26029', 372, 345, 330, 219),
('26030', 513, 348, 255, 102),
('26031', 737, 697, 642, 393),
('26032', 453, 421, 357, 232),
('26033', 762, 646, 560, 401),
('26034', 475, 445, 389, 260),
('26035', 657, 604, 506, 462),
('26036', 846, 802, 741, 571),
('26037', 557, 538, 467, 332),
('26038', 795, 640, 513, 361),
('26039', 581, 580, 550, 352),
('26040', 598, 594, 545, 315),
('26041', 230, 245, 202, 139),
('26042', 520, 513, 357, 206),
('26043', 703, 693, 641, 414),
('26044', 321, 311, 274, 233),
('26045', 225, 113, 86, 89),
('26046', 1486, 1466, 1060, 690),
('26047', 337, 329, 283, 181),
('26048', 263, 213, 196, 105),
('26049', 531, 464, 424, 345),
('26050', 833, 799, 640, 271),
('26051', 904, 818, 829, 520),
('26052', 480, 402, 350, 281),
('26053', 289, 273, 276, 194),
('26054', 194, 139, 106, 80),
('26055', 758, 783, 751, 483),
('26056', 514, 417, 364, 172),
('26057', 485, 356, 278, 235),
('26058', 642, 554, 477, 351),
('26059', 616, 574, 527, 319),
('26060', 64, 70, 56, 31),
('26061', 166, 57, 49, 25),
('26062', 465, 444, 326, 254),
('26063', 442, 442, 286, 258),
('26064', 462, 455, 359, 302),
('26065', 214, 216, 215, 167),
('26066', 822, 715, 626, 526),
('26067', 417, 214, 182, 28),
('26068', 851, 812, 699, 587),
('26069', 906, 961, 816, 615),
('26070', 518, 457, 433, 304),
('26071', 776, 749, 696, 592),
('26072', 444, 440, 345, 248),
('26073', 406, 339, 296, 219),
('26074', 403, 376, 322, 252),
('26075', 263, 243, 225, 143),
('26076', 527, 413, 406, 256),
('26077', 538, 494, 444, 308),
('26078', 517, 451, 404, 161),
('26079', 427, 257, 227, 81),
('26080', 543, 427, 409, 247),
('26081', 541, 452, 358, 206),
('26082', 328, 336, 301, 181),
('26083', 349, 355, 298, 198),
('26084', 512, 452, 398, 142),
('26085', 828, 775, 680, 418),
('26086', 854, 848, 735, 428),
('26087', 1274, 1439, 1312, 791),
('26088', 594, 574, 457, 396),
('26089', 1622, 1546, 1433, 1200),
('26090', 311, 328, 294, 243),
('26091', 685, 643, 534, 269),
('26092', 1176, 1053, 393, 407),
('26093', 1084, 1021, 790, 461),
('26094', 200, 167, 150, 99),
('26095', 878, 809, 586, 479),
('27001', 413, 426, 349, 245),
('27002', 421, 380, 288, 226),
('27003', 967, 880, 753, 563),
('27004', 831, 748, 718, 495),
('27005', 251, 237, 204, 186),
('27006', 1119, 910, 901, 675),
('27007', 405, 315, 304, 216),
('27008', 1565, 1310, 978, 536),
('27009', 502, 442, 367, 226),
('27010', 297, 277, 239, 143),
('27011', 1192, 1023, 714, 498),
('27012', 596, 562, 529, 280),
('27013', 921, 981, 1047, 778),
('27014', 167, 157, 127, 75),
('27015', 252, 249, 198, 150),
('27016', 444, 399, 356, 238),
('27017', 499, 436, 351, 175),
('27018', 453, 434, 346, 239),
('27019', 931, 938, 820, 541),
('27020', 208, 201, 202, 119),
('27021', 508, 455, 393, 224),
('27022', 333, 328, 355, 238),
('27023', 1014, 825, 735, 528),
('27024', 1310, 1052, 971, 690),
('27025', 758, 733, 602, 462),
('27026', 846, 698, 591, 523),
('27027', 364, 325, 266, 162),
('27028', 676, 638, 609, 409),
('27029', 1298, 1155, 974, 711),
('27030', 435, 389, 322, 235),
('27031', 168, 149, 127, 72),
('27032', 603, 576, 504, 287),
('27033', 1275, 1185, 1144, 828),
('27034', 1033, 904, 780, 547),
('27035', 1049, 884, 804, 623),
('27036', 904, 811, 739, 518),
('27037', 1080, 963, 864, 619),
('27038', 302, 259, 253, 145),
('27039', 319, 279, 242, 135),
('27040', 254, 269, 207, 163),
('27041', 366, 411, 428, 328),
('27042', 2089, 2073, 1086, 667),
('27043', 501, 425, 357, 196),
('27044', 0, 0, 503, 285),
('28001', 472, 362, 405, 206),
('28002', 426, 336, 271, 208),
('28003', 757, 659, 575, 361),
('28004', 813, 649, 523, 409),
('28005', 306, 295, 233, 181),
('28006', 303, 298, 274, 239),
('28007', 445, 394, 328, 239),
('28008', 470, 398, 368, 236),
('28009', 443, 393, 355, 261),
('28010', 125, 100, 96, 65),
('28011', 33, 31, 21, 16),
('28012', 261, 238, 238, 145),
('28013', 781, 735, 602, 482),
('28014', 331, 343, 336, 271),
('28015', 568, 548, 481, 387),
('28016', 546, 467, 313, 221),
('28017', 1032, 916, 731, 554),
('28018', 194, 182, 171, 156),
('28019', 632, 641, 581, 453),
('28020', 416, 463, 419, 285),
('28021', 375, 380, 336, 275),
('28022', 303, 251, 211, 123),
('28023', 222, 174, 179, 112),
('28026', 541, 463, 414, 294),
('28027', 526, 432, 353, 246),
('28028', 429, 411, 384, 291),
('28029', 263, 244, 206, 148),
('28030', 345, 320, 235, 239),
('28031', 331, 373, 354, 212),
('28032', 1142, 1026, 859, 710),
('28033', 739, 713, 608, 524),
('28034', 639, 545, 524, 403),
('28035', 800, 784, 669, 572),
('28036', 573, 561, 414, 301),
('28037', 581, 565, 508, 470),
('28038', 615, 628, 479, 354),
('28039', 269, 249, 243, 154),
('28040', 342, 318, 306, 195),
('28041', 315, 308, 262, 194),
('28042', 418, 395, 336, 169),
('28043', 156, 164, 138, 100),
('28044', 618, 554, 435, 245),
('28045', 283, 251, 215, 163),
('28046', 573, 554, 398, 377),
('28047', 511, 455, 372, 228),
('28048', 668, 579, 447, 378),
('28049', 226, 200, 165, 124),
('28050', 440, 414, 401, 325),
('28051', 357, 301, 243, 136),
('28052', 393, 351, 279, 168),
('28053', 432, 401, 375, 243),
('28054', 351, 342, 218, 224),
('28055', 1002, 895, 709, 686),
('28056', 709, 707, 632, 390),
('28057', 352, 318, 296, 149),
('28058', 179, 79, 83, 39),
('28059', 471, 361, 268, 260),
('28060', 1146, 1093, 786, 656),
('28061', 330, 326, 302, 217),
('28062', 205, 191, 147, 112),
('28063', 876, 930, 828, 609),
('28064', 826, 828, 779, 589),
('28065', 1154, 1156, 1117, 698),
('28066', 291, 274, 247, 189),
('28067', 343, 282, 249, 171),
('28068', 235, 204, 123, 121),
('28069', 262, 250, 223, 158),
('28070', 320, 282, 250, 255),
('28071', 434, 391, 376, 309),
('28072', 305, 294, 277, 156),
('28073', 433, 398, 363, 207),
('28074', 380, 327, 303, 228),
('28075', 743, 665, 745, 475),
('28076', 621, 615, 519, 471),
('28077', 764, 762, 678, 693),
('28078', 223, 212, 167, 144),
('28079', 337, 312, 238, 221),
('28080', 633, 609, 442, 460),
('28081', 344, 321, 236, 161),
('28082', 629, 522, 415, 247),
('28083', 157, 147, 126, 98),
('28084', 329, 321, 280, 216),
('28085', 513, 444, 380, 225),
('28086', 290, 232, 204, 165),
('28087', 320, 298, 241, 135),
('28088', 299, 360, 327, 198),
('28089', 557, 518, 374, 267),
('28090', 283, 290, 264, 204),
('28091', 313, 323, 350, 253),
('28092', 348, 327, 264, 148),
('28093', 1058, 985, 944, 724),
('28094', 481, 448, 379, 270),
('28095', 353, 320, 265, 210),
('28096', 239, 239, 204, 197),
('28097', 152, 186, 173, 117),
('28098', 184, 160, 139, 118),
('28099', 778, 735, 669, 418),
('28100', 1029, 861, 673, 483),
('28101', 563, 570, 548, 420),
('28102', 382, 353, 336, 243),
('28103', 382, 371, 336, 341),
('28104', 492, 504, 426, 326),
('28105', 511, 413, 310, 267),
('28106', 583, 543, 527, 395),
('29001', 729, 699, 723, 536),
('29002', 475, 386, 280, 274),
('29003', 281, 214, 177, 141),
('29004', 689, 616, 513, 334),
('29005', 163, 162, 131, 94),
('29006', 213, 210, 159, 100),
('29007', 95, 84, 56, 44),
('29008', 83, 61, 41, 25),
('29009', 217, 177, 153, 126),
('29010', 99, 112, 100, 69),
('29011', 179, 165, 130, 97),
('29012', 137, 126, 89, 58),
('29013', 408, 371, 290, 159),
('29014', 296, 270, 175, 113),
('29015', 456, 331, 224, 170),
('29017', 244, 173, 149, 116),
('29018', 205, 150, 136, 97),
('29019', 227, 204, 185, 151),
('29021', 223, 216, 167, 105),
('29022', 274, 274, 275, 196),
('29023', 163, 148, 145, 111),
('29024', 163, 156, 141, 93),
('29025', 90, 86, 83, 66),
('29026', 215, 210, 156, 115),
('29027', 266, 205, 155, 117),
('29028', 109, 105, 102, 74),
('29029', 799, 691, 507, 403),
('29030', 240, 227, 194, 147),
('29031', 360, 326, 323, 244),
('29032', 186, 170, 128, 75),
('29033', 290, 267, 228, 142),
('29034', 190, 165, 129, 91),
('29035', 179, 170, 158, 114),
('29036', 170, 136, 113, 79),
('29037', 132, 122, 92, 63),
('29038', 159, 123, 87, 74),
('29039', 512, 529, 404, 319),
('29040', 492, 409, 319, 193),
('29041', 1177, 1094, 910, 619),
('29042', 138, 145, 130, 99),
('29043', 127, 133, 118, 58),
('29044', 290, 295, 258, 156),
('29045', 338, 269, 216, 153),
('29046', 457, 326, 199, 198),
('29047', 448, 372, 294, 166),
('29048', 363, 357, 227, 175),
('29049', 104, 134, 109, 83),
('29050', 145, 124, 100, 75),
('29051', 159, 121, 90, 56),
('29052', 294, 237, 160, 127);

-- --------------------------------------------------------

--
-- Struttura della tabella `comuni`
--

CREATE TABLE IF NOT EXISTS `comuni` (
  `comune` text NOT NULL,
  `lat` varchar(255) NOT NULL,
  `lng` varchar(255) NOT NULL,
  `istat` varchar(255) NOT NULL
) ENGINE=MyISAM DEFAULT CHARSET=utf8;

--
-- Dump dei dati per la tabella `comuni`
--

INSERT INTO `comuni` (`comune`, `lat`, `lng`, `istat`) VALUES
('Affi', '45.5529', '10.7787', '23001'),
('Albaredo d''Adige', '45.3179', '11.2753', '23002'),
('Angiari', '45.2238', '11.279', '23003'),
('Arcole', '45.3578', '11.2856', '23004'),
('Badia Calavena', '45.5674', '11.1538', '23005'),
('Bardolino', '45.5476', '10.721', '23006'),
('Belfiore', '45.3833', '11.2106', '23007'),
('Bevilacqua', '45.2328', '11.3936', '23008'),
('Bonavigo', '45.2606', '11.2806', '23009'),
('Boschi Sant''Anna', '45.2188', '11.3574', '23010'),
('Bosco Chiesanuova', '45.6198', '11.0351', '23011'),
('Bovolone', '45.2581', '11.12', '23012'),
('Brentino Belluno', '45.6432', '10.8727', '23013'),
('Brenzone', '45.701', '10.7617', '23014'),
('Bussolengo', '45.4746', '10.8464', '23015'),
('Buttapietra', '45.3438', '11.0022', '23016'),
('Caldiero', '45.4153', '11.1784', '23017'),
('Caprino Veronese', '45.606', '10.7963', '23018'),
('Casaleone', '45.173', '11.1953', '23019'),
('Castagnaro', '45.1204', '11.4109', '23020'),
('Castel d''Azzano', '45.3561', '10.9359', '23021'),
('Castelnuovo del Garda', '45.4396', '10.7641', '23022'),
('Cavaion Veronese', '45.5399', '10.7693', '23023'),
('Cazzano di Tramigna', '45.474', '11.2032', '23024'),
('Cerea', '45.1927', '11.2127', '23025'),
('Cerro Veronese', '45.5754', '11.0427', '23026'),
('Cologna Veneta', '45.3113', '11.3855', '23027'),
('Colognola ai Colli', '45.4347', '11.1853', '23028'),
('Concamarise', '45.2076', '11.1383', '23029'),
('Costermano', '45.5871', '10.7394', '23030'),
('Dolcè', '45.6017', '10.8536', '23031'),
('Erbè', '45.2425', '10.9703', '23032'),
('Erbezzo', '45.6414', '11.0017', '23033'),
('Ferrara di Monte Baldo', '45.6739', '10.861', '23034'),
('Fumane', '45.5406', '10.8858', '23035'),
('Garda', '45.5746', '10.7077', '23036'),
('Gazzo Veronese', '45.1413', '11.0775', '23037'),
('Grezzana', '45.5198', '11.0172', '23038'),
('Illasi', '45.4681', '11.1834', '23039'),
('Isola della Scala', '45.2736', '11.0088', '23040'),
('Isola Rizza', '45.2933', '11.2', '23041'),
('Lavagno', '45.4397', '11.1352', '23042'),
('Lazise', '45.5053', '10.7326', '23043'),
('Legnago', '45.1907', '11.3076', '23044'),
('Malcesine', '45.7647', '10.8121', '23045'),
('Marano di Valpolicella', '45.5561', '10.9154', '23046'),
('Mezzane di Sotto', '45.4823', '11.129', '23047'),
('Minerbe', '45.242', '11.336', '23048'),
('Montecchia di Crosara', '45.4855', '11.2555', '23049'),
('Monteforte d''Alpone', '45.4183', '11.2849', '23050'),
('Mozzecane', '45.3084', '10.8199', '23051'),
('Negrar', '45.5306', '10.9383', '23052'),
('Nogara', '45.1741', '11.0669', '23053'),
('Nogarole Rocca', '45.2928', '10.8849', '23054'),
('Oppeano', '45.3056', '11.1806', '23055'),
('Palù', '45.3264', '11.1564', '23056'),
('Pastrengo', '45.4941', '10.801', '23057'),
('Pescantina', '45.4827', '10.8675', '23058'),
('Peschiera del Garda', '45.4394', '10.6921', '23059'),
('Povegliano Veronese', '45.3505', '10.8822', '23060'),
('Pressana', '45.2854', '11.4051', '23061'),
('Rivoli Veronese', '45.5716', '10.8119', '23062'),
('Roncà', '45.4791', '11.2891', '23063'),
('Ronco all''Adige', '45.3377', '11.2441', '23064'),
('Roverchiara', '45.2685', '11.245', '23065'),
('Roveredo di Guà', '45.2741', '11.4453', '23066'),
('Roverè Veronese', '45.592', '11.0695', '23067'),
('Salizzole', '45.2428', '11.0882', '23068'),
('San Bonifacio', '45.3962', '11.2702', '23069'),
('San Giovanni Ilarione', '45.5216', '11.2374', '23070'),
('San Giovanni Lupatoto', '45.3839', '11.0423', '23071'),
('Sanguinetto', '45.1849', '11.1505', '23072'),
('San Martino Buon Albergo', '45.422', '11.0932', '23073'),
('San Mauro di Saline', '45.5655', '11.1129', '23074'),
('San Pietro di Morubio', '45.2434', '11.2281', '23075'),
('San Pietro in Cariano', '45.5213', '10.8841', '23076'),
('Sant''Ambrogio di Valpolicella', '45.5219', '10.8374', '23077'),
('Sant''Anna d''Alfaedo', '45.6275', '10.9515', '23078'),
('San Zeno di Montagna', '45.6384', '10.7333', '23079'),
('Selva di Progno', '45.6124', '11.1391', '23080'),
('Soave', '45.422', '11.2477', '23081'),
('Sommacampagna', '45.4075', '10.841', '23082'),
('Sona', '45.4345', '10.8324', '23083'),
('Sorgà', '45.2142', '10.9809', '23084'),
('Terrazzo', '45.1742', '11.3946', '23085'),
('Torri del Benaco', '45.6098', '10.6869', '23086'),
('Tregnago', '45.5145', '11.1646', '23087'),
('Trevenzuolo', '45.2703', '10.9355', '23088'),
('Valeggio sul Mincio', '45.3533', '10.7348', '23089'),
('Velo Veronese', '45.6077', '11.0963', '23090'),
('Verona', '45.442', '10.9955', '23091'),
('Veronella', '45.3231', '11.3245', '23092'),
('Vestenanova', '45.5745', '11.2295', '23093'),
('Vigasio', '45.3167', '10.9413', '23094'),
('Villa Bartolomea', '45.1584', '11.3527', '23095'),
('Villafranca di Verona', '45.3512', '10.8458', '23096'),
('Zevio', '45.3756', '11.1372', '23097'),
('Zimella', '45.3657', '11.3393', '23098'),
('Agugliaro', '45.3264', '11.5853', '24001'),
('Albettone', '45.3578', '11.5828', '24002'),
('Alonte', '45.3669', '11.4281', '24003'),
('Altavilla Vicentina', '45.5119', '11.4604', '24004'),
('Altissimo', '45.6154', '11.2527', '24005'),
('Arcugnano', '45.4952', '11.5515', '24006'),
('Arsiero', '45.8039', '11.3553', '24007'),
('Arzignano', '45.5194', '11.3396', '24008'),
('Asiago', '45.8761', '11.5088', '24009'),
('Asigliano Veneto', '45.3056', '11.4475', '24010'),
('Barbarano Vicentino', '45.4093', '11.5422', '24011'),
('Bassano del Grappa', '45.7666', '11.734', '24012'),
('Bolzano Vicentino', '45.6028', '11.6231', '24013'),
('Breganze', '45.7081', '11.5648', '24014'),
('Brendola', '45.4724', '11.4461', '24015'),
('Bressanvido', '45.6443', '11.6315', '24016'),
('Brogliano', '45.589', '11.3671', '24017'),
('Caldogno', '45.6088', '11.5039', '24018'),
('Caltrano', '45.7744', '11.453', '24019'),
('Calvene', '45.7687', '11.5147', '24020'),
('Camisano Vicentino', '45.518', '11.7085', '24021'),
('Campiglia dei Berici', '45.3358', '11.5434', '24022'),
('Campolongo sul Brenta', '45.8281', '11.7019', '24023'),
('Carrè', '45.7499', '11.4589', '24024'),
('Cartigliano', '45.7139', '11.6967', '24025'),
('Cassola', '45.7327', '11.7963', '24026'),
('Castegnero', '45.4377', '11.6011', '24027'),
('Castelgomberto', '45.586', '11.3967', '24028'),
('Chiampo', '45.5469', '11.2806', '24029'),
('Chiuppano', '45.7649', '11.4628', '24030'),
('Cismon del Grappa', '45.9205', '11.7295', '24031'),
('Cogollo del Cengio', '45.7838', '11.4273', '24032'),
('Conco', '45.8009', '11.6081', '24033'),
('Cornedo Vicentino', '45.6141', '11.3417', '24034'),
('Costabissara', '45.5845', '11.4883', '24035'),
('Creazzo', '45.5315', '11.4814', '24036'),
('Crespadoro', '45.6218', '11.2262', '24037'),
('Dueville', '45.6365', '11.5493', '24038'),
('Enego', '45.9425', '11.7066', '24039'),
('Fara Vicentino', '45.7403', '11.5477', '24040'),
('Foza', '45.897', '11.6309', '24041'),
('Gallio', '45.8914', '11.543', '24042'),
('Gambellara', '45.4608', '11.3413', '24043'),
('Gambugliano', '45.5889', '11.4397', '24044'),
('Grancona', '45.4232', '11.4529', '24045'),
('Grisignano di Zocco', '45.4759', '11.6994', '24046'),
('Grumolo delle Abbadesse', '45.5205', '11.6594', '24047'),
('Isola Vicentina', '45.6292', '11.4437', '24048'),
('Laghi', '45.8246', '11.272', '24049'),
('Lastebasse', '45.9155', '11.2747', '24050'),
('Longare', '45.4791', '11.6085', '24051'),
('Lonigo', '45.388', '11.3881', '24052'),
('Lugo di Vicenza', '45.7464', '11.5299', '24053'),
('Lusiana', '45.7853', '11.5754', '24054'),
('Malo', '45.6613', '11.4086', '24055'),
('Marano Vicentino', '45.6941', '11.4285', '24056'),
('Marostica', '45.7446', '11.6555', '24057'),
('Mason Vicentino', '45.7195', '11.6078', '24058'),
('Molvena', '45.7449', '11.6147', '24059'),
('Montebello Vicentino', '45.4575', '11.3845', '24060'),
('Montecchio Maggiore', '45.5047', '11.4058', '24061'),
('Montecchio Precalcino', '45.6667', '11.5647', '24062'),
('Monte di Malo', '45.6621', '11.3624', '24063'),
('Montegalda', '45.447', '11.6761', '24064'),
('Montegaldella', '45.437', '11.6717', '24065'),
('Monteviale', '45.5614', '11.4591', '24066'),
('Monticello Conte Otto', '45.5943', '11.5849', '24067'),
('Montorso Vicentino', '45.4919', '11.3613', '24068'),
('Mossano', '45.4195', '11.5557', '24069'),
('Mussolente', '45.7802', '11.8074', '24070'),
('Nanto', '45.4346', '11.578', '24071'),
('Nogarole Vicentino', '45.5611', '11.2898', '24072'),
('Nove', '45.7231', '11.6788', '24073'),
('Noventa Vicentina', '45.2906', '11.5401', '24074'),
('Orgiano', '45.3489', '11.4642', '24075'),
('Pedemonte', '45.5032', '10.9189', '24076'),
('Pianezze', '45.7408', '11.628', '24077'),
('Piovene Rocchette', '45.7586', '11.4359', '24078'),
('Pojana Maggiore', '45.292561', '11.51409', '24079'),
('Posina', '45.7917', '11.2632', '24080'),
('Pove del Grappa', '45.7992', '11.7309', '24081'),
('Pozzoleone', '45.6489', '11.6792', '24082'),
('Quinto Vicentino', '45.5733', '11.6269', '24083'),
('Recoaro Terme', '45.7052', '11.2256', '24084'),
('Roana', '45.876', '11.4631', '24085'),
('Romano d''Ezzelino', '45.7963', '11.7583', '24086'),
('Rosà', '45.7277', '11.7632', '24087'),
('Rossano Veneto', '45.7067', '11.807', '24088'),
('Rotzo', '45.8628', '11.3974', '24089'),
('Salcedo', '45.7579', '11.5682', '24090'),
('Sandrigo', '45.6607', '11.6031', '24091'),
('San Germano dei Berici', '45.402', '11.4707', '24092'),
('San Nazario', '45.8405', '11.6906', '24093'),
('San Pietro Mussolino', '45.5807', '11.2643', '24094'),
('Santorso', '45.7361', '11.3928', '24095'),
('San Vito di Leguzzano', '45.6893', '11.3738', '24096'),
('Sarcedo', '45.7028', '11.5304', '24097'),
('Sarego', '45.4075', '11.4051', '24098'),
('Schiavon', '45.6974', '11.6461', '24099'),
('Schio', '45.7135', '11.3584', '24100'),
('Solagna', '45.8202', '11.7164', '24101'),
('Sossano', '45.3613', '11.5131', '24102'),
('Sovizzo', '45.5277', '11.4472', '24103'),
('Tezze sul Brenta', '45.6845', '11.7036', '24104'),
('Thiene', '45.7099', '11.4806', '24105'),
('Tonezza del Cimone', '45.8556', '11.3472', '24106'),
('Torrebelvicino', '45.7178', '11.3206', '24107'),
('Torri di Quartesolo', '45.5231', '11.6097', '24108'),
('Trissino', '45.5622', '11.3728', '24110'),
('Valdagno', '45.6502', '11.3009', '24111'),
('Valdastico', '45.8877', '11.3627', '24112'),
('Valli del Pasubio', '45.7417', '11.2628', '24113'),
('Valstagna', '45.8553', '11.6624', '24114'),
('Velo d''Astico', '45.79', '11.3663', '24115'),
('Vicenza', '45.5459', '11.5403', '24116'),
('Villaga', '45.4034', '11.5333', '24117'),
('Villaverla', '45.6527', '11.4885', '24118'),
('Zanè', '45.722', '11.4564', '24119'),
('Zermeghedo', '45.4759', '11.3706', '24120'),
('Zovencedo', '45.4296', '11.5042', '24121'),
('Zugliano', '45.7308', '11.525', '24122'),
('Agordo', '46.2823', '12.0344', '25001'),
('Alano di Piave', '45.9078', '11.9095', '25002'),
('Alleghe', '46.4073', '12.0253', '25003'),
('Arsiè', '45.9839', '11.7594', '25004'),
('Auronzo di Cadore', '46.5627', '12.417', '25005'),
('Belluno', '46.14', '12.2176', '25006'),
('Borca di Cadore', '46.4374', '12.2206', '25007'),
('Calalzo di Cadore', '46.4472', '12.3836', '25008'),
('Castellavazzo', '45.93433', '11.09591', '25009'),
('Cencenighe Agordino', '46.3441', '11.9746', '25010'),
('Cesiomaggiore', '46.0891', '11.9877', '25011'),
('Chies d''Alpago', '46.1655', '12.3944', '25012'),
('Cibiana di Cadore', '46.3888', '12.2866', '25013'),
('Colle Santa Lucia', '46.4496', '12.015', '25014'),
('Comelico Superiore', '46.5906', '12.5155', '25015'),
('Cortina d''Ampezzo', '46.5374', '12.1389', '25016'),
('Danta di Cadore', '46.5671', '12.5208', '25017'),
('Domegge di Cadore', '46.4603', '12.4149', '25018'),
('Falcade', '46.354', '11.8642', '25019'),
('Farra d''Alpago', '46.121', '12.3587', '25020'),
('Feltre', '46.0165', '11.9057', '25021'),
('Fonzaso', '46.0181', '11.801', '25022'),
('Canale d''Agordo', '46.3571', '11.9146', '25023'),
('Forno di Zoldo', '46.3488', '12.1831', '25024'),
('Gosaldo', '46.2222', '11.955', '25025'),
('Lamon', '46.0476', '11.7491', '25026'),
('La Valle Agordina', '46.2814', '12.0661', '25027'),
('Lentiai', '46.045', '12.0205', '25028'),
('Limana', '46.1038', '12.1874', '25029'),
('Livinallongo del Col di Lana', '46.4816', '11.9554', '25030'),
('Longarone', '46.2666', '12.3', '25031'),
('Lorenzago di Cadore', '46.4806', '12.4605', '25032'),
('Lozzo di Cadore', '46.486', '12.4446', '25033'),
('Mel', '46.0645', '12.0881', '25034'),
('Ospitale di Cadore', '46.3283', '12.3232', '25035'),
('Pedavena', '46.0396', '11.8804', '25036'),
('Perarolo di Cadore', '46.3971', '12.3555', '25037'),
('Pieve d''Alpago', '46.1678', '12.3532', '25038'),
('Pieve di Cadore', '46.4285', '12.3741', '25039'),
('Ponte nelle Alpi', '46.1831', '12.2792', '25040'),
('Puos d''Alpago', '46.136', '12.3485', '25041'),
('Quero', '45.922', '11.9317', '25042'),
('Rivamonte Agordino', '46.2539', '12.0239', '25043'),
('Rocca Pietore', '46.4349', '11.9778', '25044'),
('San Gregorio nelle Alpi', '46.1049', '12.0294', '25045'),
('San Nicolò di Comelico', '46.5819', '12.5286', '25046'),
('San Pietro di Cadore', '46.5769', '12.5926', '25047'),
('Santa Giustina', '44.4177', '8.4825', '25048'),
('San Tomaso Agordino', '46.3817', '11.9755', '25049'),
('Santo Stefano di Cadore', '46.5585', '12.5521', '25050'),
('San Vito di Cadore', '46.4613', '12.2083', '25051'),
('Sappada', '46.5675', '12.6853', '25052'),
('Sedico', '46.1113', '12.097', '25053'),
('Selva di Cadore', '46.451', '12.0386', '25054'),
('Seren del Grappa', '45.9888', '11.8427', '25055'),
('Sospirolo', '46.1417', '12.072', '25056'),
('Soverzene', '46.2045', '12.3042', '25057'),
('Sovramonte', '46.0595', '11.7877', '25058'),
('Taibon Agordino', '46.302', '12.0108', '25059'),
('Tambre', '46.1274', '12.4205', '25060'),
('Trichiana', '46.0741', '12.1332', '25061'),
('Vallada Agordina', '46.3632', '11.9347', '25062'),
('Valle di Cadore', '46.4189', '12.3356', '25063'),
('Vas', '45.9392', '11.9357', '25064'),
('Vigo di Cadore', '46.4998', '12.4721', '25065'),
('Vodo Cadore', '46.4185', '12.2478', '25066'),
('Voltago Agordino', '46.273', '12.0063', '25067'),
('Zoldo Alto', '46.3757', '12.1258', '25068'),
('Zoppè di Cadore', '46.388', '12.1719', '25069'),
('Altivole', '45.7547', '11.9574', '26001'),
('Arcade', '45.6542', '12.2899', '26002'),
('Asolo', '45.7933', '11.9128', '26003'),
('Borso del Grappa', '45.8208', '11.7961', '26004'),
('Breda di Piave', '45.7249', '12.3338', '26005'),
('Caerano di San Marco', '45.7863', '12.0039', '26006'),
('Cappella Maggiore', '45.9781', '12.3424', '26007'),
('Carbonera', '45.6845', '12.2855', '26008'),
('Casale sul Sile', '45.5989', '12.3244', '26009'),
('Casier', '45.6439', '12.2958', '26010'),
('Castelcucco', '45.8317', '11.8853', '26011'),
('Castelfranco Veneto', '45.6713', '11.9262', '26012'),
('Castello di Godego', '45.6944', '11.878', '26013'),
('Cavaso del Tomba', '45.8617', '11.8996', '26014'),
('Cessalto', '45.7141', '12.6155', '26015'),
('Chiarano', '45.73', '12.5838', '26016'),
('Cimadolmo', '45.7846', '12.364', '26017'),
('Cison di Valmarino', '45.9674', '12.1442', '26018'),
('Codognè', '45.8702', '12.4308', '26019'),
('Colle Umberto', '45.94', '12.34', '26020'),
('Conegliano', '45.8881', '12.305', '26021'),
('Cordignano', '45.9528', '12.4149', '26022'),
('Cornuda', '45.8318', '12.0081', '26023'),
('Crespano del Grappa', '45.8264', '11.8349', '26024'),
('Crocetta del Montello', '45.8256', '12.0356', '26025'),
('Farra di Soligo', '45.9113', '12.1586', '26026'),
('Follina', '45.9525', '12.1206', '26027'),
('Fontanelle', '45.4488', '11.6574', '26028'),
('Fonte', '45.7849', '11.8724', '26029'),
('Fregona', '46.0044', '12.3413', '26030'),
('Gaiarine', '45.8795', '12.481', '26031'),
('Giavera del Montello', '45.7949', '12.1695', '26032'),
('Godega di Sant''Urbano', '45.9308', '12.3992', '26033'),
('Gorgo al Monticano', '45.7885', '12.5524', '26034'),
('Istrana', '45.6778', '12.1042', '26035'),
('Loria', '45.7309', '11.8664', '26036'),
('Mansuè', '45.8232', '12.5355', '26037'),
('Mareno di Piave', '45.8409', '12.3507', '26038'),
('Maser', '45.8085', '11.9761', '26039'),
('Maserada sul Piave', '45.7499', '12.32', '26040'),
('Meduna di Livenza', '45.8069', '12.6149', '26041'),
('Miane', '45.9455', '12.0965', '26042'),
('Mogliano Veneto', '45.5613', '12.2363', '26043'),
('Monastier di Treviso', '45.6509', '12.4354', '26044'),
('Monfumo', '45.8311', '11.9203', '26045'),
('Montebelluna', '45.7775', '12.0464', '26046'),
('Morgano', '45.6482', '12.1033', '26047'),
('Moriago della Battaglia', '45.871', '12.0787', '26048'),
('Motta di Livenza', '45.7775', '12.6088', '26049'),
('Nervesa della Battaglia', '45.8231', '12.2059', '26050'),
('Oderzo', '45.7813', '12.4936', '26051'),
('Ormelle', '45.7803', '12.4231', '26052'),
('Orsago', '45.9307', '12.4236', '26053'),
('Paderno del Grappa', '45.8294', '11.8596', '26054'),
('Paese', '45.6776', '12.1564', '26055'),
('Pederobba', '45.878', '11.955', '26056'),
('Pieve di Soligo', '45.9', '12.1715', '26057'),
('Ponte di Piave', '45.7147', '12.4645', '26058'),
('Ponzano Veneto', '45.7078', '12.2228', '26059'),
('Portobuffolè', '45.8562', '12.5377', '26060'),
('Possagno', '45.8534', '11.8742', '26061'),
('Povegliano', '45.7611', '12.2038', '26062'),
('Preganziol', '45.6022', '12.2352', '26063'),
('Quinto di Treviso', '45.646', '12.1672', '26064'),
('Refrontolo', '45.925', '12.21', '26065'),
('Resana', '45.6336', '11.9555', '26066'),
('Revine Lago', '46.0017', '12.2571', '26067'),
('Riese Pio X', '45.73', '11.92', '26068'),
('Roncade', '45.6281', '12.3748', '26069'),
('Salgareda', '45.7045', '12.4922', '26070'),
('San Biagio di Callalta', '45.6855', '12.3772', '26071'),
('San Fior', '45.921', '12.3574', '26072'),
('San Pietro di Feletto', '45.9306', '12.2384', '26073'),
('San Polo di Piave', '45.7925', '12.3944', '26074'),
('Santa Lucia di Piave', '45.8451', '12.2808', '26075'),
('San Vendemiano', '45.8867', '12.3517', '26076'),
('San Zenone degli Ezzelini', '45.7814', '11.8383', '26077'),
('Sarmede', '45.9777', '12.3853', '26078'),
('Segusino', '45.918', '11.9567', '26079'),
('Sernaglia della Battaglia', '45.8755', '12.1316', '26080'),
('Silea', '45.6547', '12.2968', '26081'),
('Spresiano', '45.7795', '12.2561', '26082'),
('Susegana', '45.852', '12.2508', '26083'),
('Tarzo', '45.9728', '12.2341', '26084'),
('Trevignano', '45.7434', '12.0927', '26085'),
('Treviso', '45.6663', '12.2421', '26086'),
('Valdobbiadene', '45.9013', '11.9954', '26087'),
('Vazzola', '45.8428', '12.3843', '26088'),
('Vedelago', '45.6866', '12.0179', '26089'),
('Vidor', '45.8615', '12.0387', '26090'),
('Villorba', '45.7137', '12.2601', '26091'),
('Vittorio Veneto', '45.9798', '12.3033', '26092'),
('Volpago del Montello', '45.7783', '12.1155', '26093'),
('Zenson di Piave', '45.6782', '12.4895', '26094'),
('Zero Branco', '45.6027', '12.1663', '26095'),
('Annone Veneto', '45.7941', '12.6835', '27001'),
('Campagna Lupia', '45.3558', '12.0963', '27002'),
('Campolongo Maggiore', '45.3228', '12.0451', '27003'),
('Camponogara', '45.3834', '12.0724', '27004'),
('Caorle', '45.5949', '12.8708', '27005'),
('Cavarzere', '45.1345', '12.0809', '27006'),
('Ceggia', '45.6864', '12.6392', '27007'),
('Chioggia', '45.2171', '12.2788', '27008'),
('Cinto Caomaggiore', '45.83', '12.7836', '27009'),
('Cona', '45.1859', '12.0195', '27010'),
('Concordia Sagittaria', '45.7569', '12.8443', '27011'),
('Dolo', '45.4262', '12.0745', '27012'),
('Eraclea', '45.5786', '12.6781', '27013'),
('Fiesso d''Artico', '45.4175', '12.0347', '27014'),
('Fossalta di Piave', '45.644', '12.5118', '27015'),
('Fossalta di Portogruaro', '45.7924', '12.9086', '27016'),
('Fossò', '45.3863', '12.0505', '27017'),
('Gruaro', '45.8327', '12.8461', '27018'),
('Jesolo', '45.5354', '12.645', '27019'),
('Marcon', '45.5616', '12.2981', '27020'),
('Martellago', '45.5461', '12.1602', '27021'),
('Meolo', '45.6202', '12.4526', '27022'),
('Mira', '45.4368', '12.1313', '27023'),
('Mirano', '45.4922', '12.1083', '27024'),
('Musile di Piave', '45.6178', '12.565', '27025'),
('Noale', '45.5505', '12.0722', '27026'),
('Noventa di Piave', '45.6608', '12.5347', '27027'),
('Pianiga', '45.4561', '12.0309', '27028'),
('Portogruaro', '45.775', '12.8378', '27029'),
('Pramaggiore', '45.8153', '12.7372', '27030'),
('Quarto d''Altino', '45.5492', '12.401', '27031'),
('Salzano', '45.5209', '12.1056', '27032'),
('San Donà di Piave', '45.632', '12.5663', '27033'),
('San Michele al Tagliamento', '45.7642', '12.995', '27034'),
('Santa Maria di Sala', '45.5044', '12.035', '27035'),
('San Stino di Livenza', '45.609638', '13.85666', '27036'),
('Scorzè', '45.5714', '12.108', '27037'),
('Spinea', '45.4904', '12.1681', '27038'),
('Stra', '45.3238', '11.3316', '27039'),
('Teglio Veneto', '45.8154', '12.8846', '27040'),
('Torre di Mosto', '45.6861', '12.7039', '27041'),
('Venezia', '45.4345', '12.3384', '27042'),
('Vigonovo', '45.3894', '12.0063', '27043'),
('Cavallino-Treporti', '45.4818', '12.5505', '27044'),
('Abano Terme', '45.3605', '11.7894', '28001'),
('Agna', '45.1697', '11.9604', '28002'),
('Albignasego', '45.3484', '11.8683', '28003'),
('Anguillara Veneta', '45.1394', '11.889', '28004'),
('Arquà Petrarca', '45.2701', '11.7168', '28005'),
('Arre', '45.2191', '11.9253', '28006'),
('Arzergrande', '45.2738', '12.0528', '28007'),
('Bagnoli di Sopra', '45.1886', '11.8859', '28008'),
('Baone', '45.2445', '11.6892', '28009'),
('Barbona', '45.1034', '11.7031', '28010'),
('Battaglia Terme', '45.29', '11.7823', '28011'),
('Boara Pisani', '45.1067', '11.7839', '28012'),
('Borgoricco', '45.5363', '11.9422', '28013'),
('Bovolenta', '45.2496', '11.9992', '28014'),
('Brugine', '45.2975', '11.9963', '28015'),
('Cadoneghe', '45.4482', '11.9092', '28016'),
('Campodarsego', '45.5027', '11.9076', '28017'),
('Campodoro', '45.4913', '11.7531', '28018'),
('Camposampiero', '45.5694', '11.9364', '28019'),
('Campo San Martino', '45.5456', '11.8116', '28020'),
('Candiana', '45.222', '11.9902', '28021'),
('Carceri', '45.197', '11.6203', '28022'),
('Carmignano di Brenta', '45.6302', '11.707', '28023'),
('Cartura', '45.2694', '11.8578', '28026'),
('Casale di Scodosia', '45.1871', '11.4694', '28027'),
('Casalserugo', '45.317', '11.9133', '28028'),
('Castelbaldo', '45.1234', '11.4592', '28029'),
('Cervarese Santa Croce', '45.4245', '11.6868', '28030'),
('Cinto Euganeo', '45.2758', '11.6628', '28031'),
('Cittadella', '45.6488', '11.7836', '28032'),
('Codevigo', '45.2677', '12.0997', '28033'),
('Conselve', '45.2319', '11.8749', '28034'),
('Correzzola', '45.2363', '12.0688', '28035'),
('Curtarolo', '45.5228', '11.8324', '28036'),
('Este', '45.2276', '11.6566', '28037'),
('Fontaniva', '45.635', '11.7497', '28038'),
('Galliera Veneta', '45.664', '11.8305', '28039'),
('Galzignano Terme', '45.3075', '11.7314', '28040'),
('Gazzo', '45.5816', '11.7053', '28041'),
('Grantorto', '45.6019', '11.7327', '28042'),
('Granze', '45.1575', '11.7158', '28043'),
('Legnaro', '45.3423', '11.9662', '28044'),
('Limena', '45.4733', '11.8449', '28045'),
('Loreggia', '45.7647', '11.9236', '28046'),
('Lozzo Atestino', '45.287', '11.6277', '28047'),
('Maserà di Padova', '45.3202', '11.8642', '28048'),
('Masi', '45.1099', '11.4903', '28049'),
('Massanzago', '45.5574', '12.0085', '28050'),
('Megliadino San Fidenzio', '45.2185', '11.517', '28051'),
('Megliadino San Vitale', '45.1975', '11.527', '28052'),
('Merlara', '45.1674', '11.4424', '28053'),
('Mestrino', '45.4419', '11.7616', '28054'),
('Monselice', '45.2395', '11.7504', '28055'),
('Montagnana', '43.9549', '10.8242', '28056'),
('Montegrotto Terme', '45.3319', '11.7838', '28057'),
('Noventa Padovana', '45.4153', '11.952', '28058'),
('Ospedaletto Euganeo', '45.2232', '11.6111', '28059'),
('Padova', '45.4167', '11.8833', '28060'),
('Pernumia', '45.2584', '11.789', '28061'),
('Piacenza d''Adige', '45.1297', '11.5504', '28062'),
('Piazzola sul Brenta', '45.542', '11.7863', '28063'),
('Piombino Dese', '45.6067', '11.998', '28064'),
('Piove di Sacco', '45.2962', '12.0347', '28065'),
('Polverara', '45.3103', '11.957', '28066'),
('Ponso', '45.1926', '11.5871', '28067'),
('Pontelongo', '45.2481', '12.0258', '28068'),
('Ponte San Nicolò', '45.364', '11.9364', '28069'),
('Pozzonovo', '45.1974', '11.7928', '28070'),
('Rovolon', '45.3654', '11.6623', '28071'),
('Rubano', '45.4219', '11.8083', '28072'),
('Saccolongo', '45.4038', '11.7471', '28073'),
('Saletto', '45.7239', '12.3991', '28074'),
('San Giorgio delle Pertiche', '45.5409', '11.9094', '28075'),
('San Giorgio in Bosco', '45.5906', '11.8066', '28076'),
('San Martino di Lupari', '45.6507', '11.8537', '28077'),
('San Pietro in Gu', '45.6116', '11.6726', '28078'),
('San Pietro Viminario', '45.2444', '11.8174', '28079'),
('Santa Giustina in Colle', '45.5633', '11.9067', '28080'),
('Santa Margherita d''Adige', '45.2134', '11.5554', '28081'),
('Sant''Angelo di Piove di Sacco', '45.3475', '12.0022', '28082'),
('Sant''Elena', '45.6824', '12.7339', '28083'),
('Sant''Urbano', '45.5405', '11.4005', '28084'),
('Saonara', '45.3663', '11.986', '28085'),
('Selvazzano Dentro', '45.3894', '11.7895', '28086'),
('Solesino', '45.1787', '11.7438', '28087'),
('Stanghella', '45.1353', '11.7574', '28088'),
('Teolo', '45.3485', '11.6723', '28089'),
('Terrassa Padovana', '45.245', '11.9038', '28090'),
('Tombolo', '45.6455', '11.8273', '28091'),
('Torreglia', '45.3354', '11.7319', '28092'),
('Trebaseleghe', '45.591', '12.0506', '28093'),
('Tribano', '45.2088', '11.8311', '28094'),
('Urbana', '45.1938', '11.4459', '28095'),
('Veggiano', '45.4481', '11.7139', '28096'),
('Vescovana', '45.1363', '11.7108', '28097'),
('Vighizzolo d''Este', '45.1774', '11.6258', '28098'),
('Vigodarzere', '45.4605', '11.8793', '28099'),
('Vigonza', '45.4315', '11.967', '28100'),
('Villa del Conte', '45.5835', '11.8604', '28101'),
('Villa Estense', '45.1726', '11.6675', '28102'),
('Villafranca Padovana', '45.4928', '11.7945', '28103'),
('Villanova di Camposampiero', '45.4906', '11.9705', '28104'),
('Vo''', '45.4559', '11.4444', '28105'),
('Due Carrare', '45.2936', '11.8191', '28106'),
('Adria', '45.0575', '12.0559', '29001'),
('Ariano nel Polesine', '44.947', '12.1259', '29002'),
('Arquà Polesine', '45.0111', '11.741', '29003'),
('Badia Polesine', '45.0972', '11.4891', '29004'),
('Bagnolo di Po', '45.0164', '11.5021', '29005'),
('Bergantino', '45.062', '11.2528', '29006'),
('Bosaro', '44.9999', '11.7658', '29007'),
('Calto', '44.9922', '11.3578', '29008'),
('Canaro', '44.9359', '11.677', '29009'),
('Canda', '45.0341', '11.5067', '29010'),
('Castelguglielmo', '45.0258', '11.5377', '29011'),
('Castelmassa', '45.0196', '11.3144', '29012'),
('Castelnovo Bariano', '45.0367', '11.27', '29013'),
('Ceneselli', '45.0147', '11.3711', '29014'),
('Ceregnano', '45.0489', '11.8703', '29015'),
('Corbola', '45.0051', '12.0837', '29017'),
('Costa di Rovigo', '45.05', '11.6956', '29018'),
('Crespino', '44.9824', '11.8859', '29019'),
('Ficarolo', '44.9553', '11.436', '29021'),
('Fiesso Umbertiano', '44.9636', '11.6064', '29022'),
('Frassinelle Polesine', '44.9962', '11.698', '29023'),
('Fratta Polesine', '45.0303', '11.6461', '29024'),
('Gaiba', '44.9472', '11.4813', '29025'),
('Gavello', '45.0227', '11.9163', '29026'),
('Giacciano con Baruchella', '45.0655', '11.4515', '29027'),
('Guarda Veneta', '44.9816', '11.8014', '29028'),
('Lendinara', '45.0837', '11.5991', '29029'),
('Loreo', '45.0625', '12.1896', '29030'),
('Lusia', '45.0996', '11.6663', '29031'),
('Melara', '45.0644', '11.1981', '29032'),
('Occhiobello', '44.9217', '11.5813', '29033'),
('Papozze', '44.9867', '12.0321', '29034'),
('Pettorazza Grimani', '45.137', '11.9878', '29035'),
('Pincara', '44.9924', '11.6099', '29036'),
('Polesella', '44.9635', '11.7539', '29037'),
('Pontecchio Polesine', '45.0208', '11.8149', '29038'),
('Porto Tolle', '44.9502', '12.3218', '29039'),
('Rosolina', '45.076', '12.2433', '29040'),
('Rovigo', '45.0707', '11.7898', '29041'),
('Salara', '44.9842', '11.4274', '29042'),
('San Bellino', '45.031', '11.59', '29043'),
('San Martino di Venezze', '45.1299', '11.8689', '29044'),
('Stienta', '44.942', '11.5431', '29045'),
('Taglio di Po', '45.0074', '12.2121', '29046'),
('Trecenta', '45.032', '11.461', '29047'),
('Villadose', '45.0699', '11.8944', '29048'),
('Villamarzana', '45.0145', '11.6984', '29049'),
('Villanova del Ghebbo', '45.0602', '11.64', '29050'),
('Villanova Marchesana', '44.9933', '11.9658', '29051'),
('Porto Viro', '45.0249', '12.22', '29052');

-- --------------------------------------------------------

--
-- Struttura della tabella `supagricolatipocolt`
--

CREATE TABLE IF NOT EXISTS `supagricolatipocolt` (
  `istat` char(6) NOT NULL,
  `sau` float(8,2) DEFAULT NULL,
  `seminati` float(8,2) DEFAULT NULL,
  `vite` float(8,2) DEFAULT NULL,
  `coltivazionilegnose` float(8,2) DEFAULT NULL,
  `ortifamiliari` float(8,2) DEFAULT NULL,
  `pratipascoli` float(8,2) DEFAULT NULL,
  `boschiaziende` float(8,2) DEFAULT NULL,
  PRIMARY KEY (`istat`)
) ENGINE=InnoDB DEFAULT CHARSET=utf8;

--
-- Dump dei dati per la tabella `supagricolatipocolt`
--

INSERT INTO `supagricolatipocolt` (`istat`, `sau`, `seminati`, `vite`, `coltivazionilegnose`, `ortifamiliari`, `pratipascoli`, `boschiaziende`) VALUES
('23001', 659.70, 85.91, 396.39, 133.75, 0.74, 42.91, 69.90),
('23002', 2007.58, 1794.56, 97.11, 70.43, 1.46, 44.02, 0.00),
('23003', 887.56, 771.70, 2.15, 90.24, 1.68, 21.79, 7.33),
('23004', 1217.54, 917.63, 250.86, 42.22, 2.22, 4.61, 4.05),
('23005', 719.59, 36.03, 6.10, 90.23, 1.91, 585.32, 386.29),
('23006', 1081.90, 113.11, 641.30, 231.65, 2.25, 93.59, 18.89),
('23007', 1770.17, 734.51, 150.85, 850.28, 0.51, 34.02, 0.33),
('23008', 1034.19, 767.58, 88.71, 177.24, 0.66, 0.00, 0.00),
('23009', 1279.82, 1067.68, 7.11, 171.42, 1.41, 32.20, 39.80),
('23010', 568.98, 451.35, 10.74, 105.40, 0.49, 1.00, 16.20),
('23011', 3893.15, 84.01, 0.00, 2.16, 0.02, 3806.96, 601.97),
('23012', 3261.01, 3132.13, 52.92, 59.79, 0.27, 15.90, 27.23),
('23013', 664.91, 7.30, 485.79, 24.40, 1.67, 145.75, 491.89),
('23014', 594.83, 18.54, 0.00, 192.60, 0.58, 383.11, 407.14),
('23015', 1166.24, 366.14, 195.10, 417.57, 0.97, 186.46, 15.04),
('23016', 949.64, 686.99, 8.29, 122.04, 0.08, 132.24, 25.93),
('23017', 1135.49, 435.43, 544.17, 136.05, 0.64, 19.20, 0.00),
('23018', 1929.58, 244.11, 263.57, 158.88, 2.77, 1260.25, 675.67),
('23019', 3275.97, 3184.16, 0.00, 90.23, 1.48, 0.10, 0.00),
('23020', 3081.87, 2817.31, 2.96, 248.17, 4.35, 9.08, 18.12),
('23021', 512.21, 452.96, 0.68, 23.39, 1.50, 33.68, 1.34),
('23022', 1476.54, 591.32, 721.82, 89.63, 0.71, 73.06, 12.39),
('23023', 659.13, 178.27, 323.97, 118.59, 2.78, 35.52, 58.18),
('23024', 637.57, 19.39, 425.96, 162.83, 0.68, 28.71, 147.48),
('23025', 4931.35, 4831.70, 1.55, 89.18, 2.23, 6.69, 1.80),
('23026', 328.16, 20.79, 0.61, 18.40, 0.74, 287.62, 44.79),
('23027', 3474.49, 3232.86, 204.76, 24.11, 8.42, 4.34, 0.94),
('23028', 1422.19, 51.95, 1278.73, 82.54, 1.54, 7.43, 22.03),
('23029', 555.22, 500.28, 7.54, 44.30, 0.10, 3.00, 0.00),
('23030', 501.90, 156.66, 128.73, 64.92, 0.82, 150.77, 156.11),
('23031', 507.56, 0.00, 460.00, 26.21, 0.39, 20.96, 424.87),
('23032', 1274.44, 1142.05, 15.99, 73.31, 0.97, 42.12, 1.59),
('23033', 1540.87, 7.11, 1.48, 1.42, 0.00, 1530.86, 452.38),
('23034', 974.97, 104.00, 4.73, 1.46, 0.05, 864.73, 312.77),
('23035', 983.04, 22.48, 356.22, 104.28, 3.67, 496.39, 554.94),
('23036', 152.89, 55.10, 37.11, 34.34, 1.77, 24.57, 60.93),
('23037', 4031.36, 3986.73, 2.18, 28.17, 2.25, 12.03, 19.21),
('23038', 1441.25, 168.60, 123.37, 172.53, 4.31, 972.44, 566.85),
('23039', 1890.04, 38.50, 1462.00, 344.05, 1.53, 43.96, 77.03),
('23040', 5446.53, 4748.62, 43.90, 609.92, 3.39, 40.70, 0.73),
('23041', 1276.28, 1214.80, 6.38, 30.90, 1.19, 23.01, 4.45),
('23042', 738.13, 80.59, 572.46, 78.05, 0.56, 6.47, 20.11),
('23043', 1690.57, 532.92, 847.21, 218.07, 2.81, 89.56, 18.15),
('23044', 5310.93, 4610.65, 20.75, 545.97, 12.44, 121.12, 0.00),
('23045', 335.90, 0.12, 0.72, 150.72, 0.51, 183.83, 300.88),
('23046', 909.74, 2.00, 612.96, 162.60, 0.75, 131.43, 257.89),
('23047', 1081.88, 69.31, 560.65, 348.60, 1.55, 101.77, 263.38),
('23048', 2223.17, 2136.49, 15.06, 64.78, 0.63, 6.21, 0.67),
('23049', 1277.50, 10.80, 1109.62, 149.30, 3.69, 4.09, 168.97),
('23050', 1920.63, 55.66, 1840.98, 21.91, 0.73, 1.35, 24.46),
('23051', 1798.72, 1465.18, 6.70, 247.24, 0.50, 79.10, 0.00),
('23052', 1788.74, 201.61, 1055.76, 259.76, 4.95, 266.66, 531.09),
('23053', 2737.11, 2656.02, 5.73, 46.73, 5.06, 23.57, 4.75),
('23054', 2207.94, 2181.78, 0.00, 13.11, 0.00, 13.05, 0.00),
('23055', 3481.85, 3244.72, 5.91, 206.60, 2.70, 21.92, 13.26),
('23056', 1146.31, 820.38, 1.69, 277.88, 0.04, 46.32, 0.14),
('23057', 504.26, 171.51, 239.12, 71.32, 0.43, 21.88, 36.00),
('23058', 1046.95, 143.06, 164.03, 410.91, 4.69, 324.26, 2.69),
('23059', 562.96, 241.34, 300.41, 7.63, 0.02, 13.56, 3.17),
('23060', 1427.52, 1269.06, 1.38, 94.91, 0.62, 61.55, 2.20),
('23061', 1280.13, 1189.27, 57.15, 29.34, 4.21, 0.16, 0.00),
('23062', 643.76, 94.17, 428.08, 48.01, 0.50, 73.00, 153.25),
('23063', 838.18, 50.33, 673.82, 80.79, 3.05, 30.19, 204.58),
('23064', 3181.95, 2430.17, 26.42, 713.00, 0.43, 11.93, 0.00),
('23065', 1716.60, 1556.41, 11.72, 109.96, 0.58, 37.93, 0.00),
('23066', 921.78, 872.23, 28.33, 10.65, 1.55, 9.02, 0.10),
('23067', 1908.36, 54.07, 0.00, 43.19, 0.27, 1810.83, 560.99),
('23068', 2342.13, 2261.61, 1.25, 73.70, 1.54, 4.03, 0.26),
('23069', 2311.79, 1163.66, 996.80, 134.91, 4.01, 12.41, 8.03),
('23070', 1026.13, 17.90, 531.04, 362.45, 3.11, 111.63, 364.75),
('23071', 841.71, 643.10, 12.15, 124.85, 0.47, 61.14, 8.01),
('23072', 997.80, 987.03, 2.19, 5.56, 0.97, 2.05, 1.11),
('23073', 1857.51, 952.01, 445.75, 337.75, 2.03, 119.97, 54.14),
('23074', 603.85, 0.00, 7.75, 168.66, 0.58, 426.86, 248.03),
('23075', 1202.22, 1117.81, 2.16, 36.75, 0.50, 45.00, 2.43),
('23076', 1184.21, 86.95, 1005.85, 72.04, 2.85, 16.52, 10.12),
('23077', 730.08, 46.68, 447.83, 145.03, 0.98, 89.56, 101.01),
('23078', 1732.86, 8.58, 5.89, 34.32, 1.24, 1682.83, 609.04),
('23079', 937.58, 4.89, 11.30, 104.29, 0.90, 816.20, 597.99),
('23080', 1174.79, 2.00, 0.80, 2.84, 0.55, 1168.60, 308.92),
('23081', 1537.15, 32.62, 1449.39, 52.57, 0.37, 2.20, 79.89),
('23082', 2636.04, 894.74, 725.05, 619.73, 3.46, 393.06, 45.40),
('23083', 2766.16, 827.94, 1181.75, 453.66, 3.48, 299.33, 27.51),
('23084', 2414.56, 2292.22, 9.89, 107.92, 0.16, 4.37, 20.16),
('23085', 1422.01, 901.12, 50.76, 464.62, 0.51, 5.00, 7.16),
('23086', 213.63, 12.03, 55.95, 122.23, 0.56, 22.86, 313.76),
('23087', 1335.23, 104.23, 372.90, 380.73, 6.26, 471.11, 622.07),
('23088', 1945.07, 1899.63, 0.65, 43.10, 0.00, 1.69, 0.40),
('23089', 4175.17, 1594.94, 752.96, 1364.77, 0.18, 462.32, 125.62),
('23090', 1561.95, 16.91, 5.70, 2.80, 0.57, 1535.97, 195.46),
('23091', 8078.87, 2990.12, 1573.15, 2285.48, 23.77, 1206.35, 817.21),
('23092', 1360.09, 1218.07, 85.98, 32.62, 0.36, 23.06, 1.43),
('23093', 709.95, 10.45, 20.49, 89.91, 4.19, 584.91, 241.58),
('23094', 2075.54, 1797.52, 96.11, 123.02, 1.40, 57.49, 17.98),
('23095', 3461.56, 3271.35, 2.33, 156.96, 7.44, 23.48, 5.00),
('23096', 3584.03, 1608.68, 74.69, 1417.01, 1.85, 481.80, 3.52),
('23097', 3835.29, 2063.69, 49.65, 1268.96, 0.74, 452.25, 0.07),
('23098', 1638.43, 1388.82, 128.40, 20.82, 2.14, 98.25, 0.00),
('24001', 1137.73, 1118.54, 11.94, 1.65, 5.26, 0.34, 1.25),
('24002', 1410.79, 1230.54, 114.88, 2.50, 2.39, 60.48, 76.91),
('24003', 528.86, 215.73, 271.00, 13.06, 1.24, 27.83, 113.16),
('24004', 378.50, 247.71, 77.91, 2.11, 2.32, 48.45, 271.06),
('24005', 242.56, 6.51, 2.76, 2.95, 4.40, 225.94, 78.51),
('24006', 959.45, 606.41, 77.87, 24.36, 10.90, 239.91, 587.35),
('24007', 283.52, 12.77, 0.10, 0.85, 1.06, 268.74, 227.23),
('24008', 860.14, 324.43, 85.25, 49.83, 6.15, 394.48, 210.65),
('24009', 3133.96, 1.63, 0.00, 0.83, 1.44, 3130.06, 1378.29),
('24010', 703.23, 639.21, 45.64, 9.09, 1.87, 7.42, 1.00),
('24011', 942.15, 724.14, 146.51, 35.19, 1.97, 34.34, 143.65),
('24012', 1184.15, 522.57, 85.60, 82.45, 8.46, 485.07, 167.03),
('24013', 1372.32, 869.56, 0.00, 1.87, 5.34, 495.55, 2.58),
('24014', 1231.40, 555.28, 347.91, 39.11, 10.76, 278.34, 36.67),
('24015', 1300.89, 836.88, 390.39, 15.53, 6.46, 51.63, 136.58),
('24016', 667.60, 264.23, 7.24, 0.83, 3.26, 392.04, 1.83),
('24017', 358.63, 77.13, 9.70, 11.34, 1.03, 259.43, 100.51),
('24018', 935.04, 715.07, 4.55, 3.28, 5.08, 207.06, 5.42),
('24019', 216.21, 4.08, 0.95, 2.88, 0.47, 207.83, 63.78),
('24020', 140.97, 4.05, 4.51, 4.20, 0.23, 127.98, 72.89),
('24021', 1904.60, 1531.13, 11.83, 16.70, 4.84, 340.10, 0.08),
('24022', 836.22, 809.29, 8.25, 4.94, 5.90, 7.84, 0.00),
('24023', 151.42, 1.27, 1.07, 0.02, 0.51, 148.55, 242.47),
('24024', 424.89, 160.14, 2.87, 9.92, 0.92, 251.04, 25.61),
('24025', 231.56, 144.19, 4.05, 0.50, 0.36, 82.46, 0.12),
('24026', 498.49, 305.87, 2.83, 7.80, 3.38, 178.61, 0.00),
('24027', 683.05, 537.38, 67.14, 49.54, 5.53, 23.46, 78.95),
('24028', 720.60, 356.53, 36.80, 23.92, 2.53, 300.82, 142.22),
('24029', 422.48, 54.89, 49.57, 51.49, 2.76, 263.77, 162.81),
('24030', 83.47, 6.89, 0.00, 0.05, 0.26, 76.27, 3.20),
('24031', 830.07, 18.88, 0.00, 2.02, 0.37, 808.80, 1843.90),
('24032', 260.02, 68.82, 1.35, 1.80, 0.33, 187.72, 171.30),
('24033', 499.38, 6.47, 0.00, 3.48, 0.23, 489.20, 181.17),
('24034', 421.35, 91.78, 14.40, 14.66, 2.33, 298.18, 77.53),
('24035', 683.35, 567.63, 17.43, 4.55, 1.70, 92.04, 92.65),
('24036', 271.81, 183.36, 25.93, 12.05, 2.63, 47.84, 47.54),
('24037', 564.77, 4.30, 0.84, 0.77, 2.11, 556.75, 146.07),
('24038', 1042.28, 747.21, 5.33, 5.67, 3.31, 280.76, 5.64),
('24039', 1404.86, 23.46, 0.00, 0.00, 0.59, 1380.81, 425.93),
('24040', 690.19, 40.71, 195.06, 26.24, 3.73, 424.45, 95.50),
('24041', 481.20, 0.00, 0.00, 0.00, 0.20, 481.00, 163.09),
('24042', 1065.60, 1.60, 6.50, 0.00, 0.77, 1056.73, 244.85),
('24043', 842.63, 95.91, 724.20, 14.85, 0.96, 6.71, 59.66),
('24044', 268.84, 104.63, 20.75, 5.20, 1.58, 136.68, 92.63),
('24045', 455.52, 319.94, 93.09, 14.05, 1.28, 27.16, 138.43),
('24046', 1112.73, 920.92, 4.89, 12.17, 3.44, 171.31, 2.10),
('24047', 1042.37, 880.91, 13.92, 4.51, 5.10, 137.93, 2.14),
('24048', 1278.46, 981.07, 18.78, 11.87, 5.38, 261.36, 115.38),
('24049', 180.94, 0.07, 0.00, 0.19, 0.04, 180.64, 151.14),
('24050', 175.52, 4.68, 0.00, 4.54, 0.00, 166.30, 178.45),
('24051', 1285.73, 1006.66, 200.65, 33.53, 4.43, 40.46, 118.23),
('24052', 3291.07, 2109.04, 989.72, 56.40, 7.70, 128.21, 185.92),
('24053', 680.33, 220.53, 9.64, 4.74, 0.90, 444.52, 105.74),
('24054', 667.97, 10.87, 0.11, 5.84, 0.58, 650.57, 164.28),
('24055', 1557.97, 1234.68, 26.47, 24.66, 4.87, 267.29, 57.16),
('24056', 636.52, 421.94, 12.12, 8.97, 1.94, 191.55, 2.54),
('24057', 1191.77, 336.26, 62.87, 121.48, 7.46, 663.70, 253.38),
('24058', 775.00, 451.93, 53.24, 79.92, 5.37, 184.54, 12.48),
('24059', 264.51, 49.87, 18.36, 52.91, 7.01, 136.36, 24.85),
('24060', 1191.30, 507.14, 638.42, 19.56, 4.35, 21.83, 61.56),
('24061', 1315.35, 867.74, 250.14, 31.25, 10.46, 155.76, 132.84),
('24062', 566.48, 289.73, 39.40, 4.34, 1.65, 231.36, 11.94),
('24063', 564.57, 116.95, 15.91, 30.50, 3.36, 397.85, 204.37),
('24064', 1129.75, 1049.81, 19.31, 10.12, 7.96, 42.55, 29.04),
('24065', 1053.44, 1021.29, 21.85, 0.03, 2.95, 7.32, 1.41),
('24066', 368.37, 259.23, 2.44, 6.50, 1.93, 98.27, 19.01),
('24067', 591.37, 482.93, 0.92, 4.29, 1.56, 101.67, 0.12),
('24068', 390.68, 226.03, 95.49, 7.48, 4.15, 57.53, 50.08),
('24069', 749.30, 598.95, 97.90, 12.67, 4.06, 35.72, 82.92),
('24070', 694.11, 365.02, 17.37, 6.97, 7.25, 297.50, 28.89),
('24071', 903.70, 758.66, 75.57, 23.06, 2.44, 43.97, 148.50),
('24072', 225.05, 87.21, 1.25, 21.71, 1.53, 113.35, 72.07),
('24073', 365.28, 149.61, 3.61, 0.35, 3.50, 208.21, 0.13),
('24074', 1413.66, 1371.17, 5.00, 13.44, 8.02, 16.03, 0.00),
('24075', 1050.36, 878.32, 122.52, 7.09, 6.89, 35.54, 43.03),
('24076', 8.66, 0.00, 0.00, 0.00, 0.03, 8.63, 0.00),
('24077', 210.25, 112.03, 5.60, 26.60, 8.46, 57.56, 5.20),
('24078', 191.81, 54.90, 2.16, 0.00, 0.36, 134.39, 57.02),
('24079', 2331.60, 2261.17, 29.96, 3.97, 6.57, 29.93, 2.60),
('24080', 132.64, 2.02, 0.00, 3.99, 0.67, 125.96, 79.70),
('24081', 352.97, 5.96, 2.35, 27.57, 0.93, 316.16, 124.59),
('24082', 740.43, 189.73, 0.00, 1.85, 0.58, 548.27, 31.00),
('24083', 1315.87, 764.03, 6.07, 6.94, 1.75, 537.08, 0.52),
('24084', 507.77, 7.15, 2.33, 6.45, 1.29, 490.55, 505.41),
('24085', 1424.72, 6.82, 33.56, 0.00, 1.11, 1383.23, 351.00),
('24086', 752.14, 227.89, 6.71, 16.14, 6.97, 494.43, 98.87),
('24087', 1213.04, 911.67, 5.74, 8.52, 5.20, 281.91, 4.73),
('24088', 459.72, 365.85, 2.51, 4.04, 1.77, 85.55, 0.01),
('24089', 463.57, 44.35, 21.60, 0.00, 0.41, 397.21, 68.64),
('24090', 236.01, 1.35, 8.94, 18.94, 1.27, 205.51, 63.01),
('24091', 1901.41, 1264.90, 69.94, 8.84, 6.53, 551.20, 3.49),
('24092', 704.95, 519.15, 117.57, 24.15, 2.32, 41.76, 226.38),
('24093', 112.94, 11.11, 0.00, 4.86, 0.91, 96.06, 18.42),
('24094', 39.16, 2.60, 0.89, 3.50, 0.27, 31.90, 24.91),
('24095', 200.15, 81.38, 2.92, 3.30, 1.39, 111.16, 9.69),
('24096', 199.90, 133.39, 3.97, 0.56, 1.43, 60.55, 19.28),
('24097', 627.34, 204.51, 65.04, 8.95, 3.74, 345.10, 14.96),
('24098', 1407.01, 609.43, 686.87, 50.49, 4.45, 55.77, 123.83),
('24099', 921.71, 508.15, 2.43, 4.90, 1.46, 404.77, 1.73),
('24100', 1183.55, 405.84, 20.24, 21.39, 6.16, 729.92, 343.84),
('24101', 346.38, 6.79, 0.00, 1.89, 0.19, 337.51, 75.95),
('24102', 1366.67, 1261.39, 57.73, 8.43, 3.44, 35.68, 52.77),
('24103', 718.73, 459.41, 104.44, 5.35, 3.24, 146.29, 96.48),
('24104', 802.49, 545.30, 2.52, 0.99, 1.50, 252.18, 9.21),
('24105', 870.90, 630.54, 20.03, 5.36, 1.19, 213.78, 2.85),
('24106', 41.77, 0.14, 0.00, 0.00, 0.19, 41.44, 29.06),
('24107', 157.48, 18.64, 0.52, 2.08, 2.18, 134.06, 131.38),
('24108', 1196.74, 1058.12, 19.40, 6.85, 0.92, 111.45, 2.79),
('24110', 882.46, 205.65, 52.27, 11.67, 3.02, 609.85, 82.25),
('24111', 561.11, 4.33, 1.86, 1.91, 6.53, 546.48, 186.61),
('24112', 64.72, 1.55, 0.00, 0.12, 0.02, 63.03, 39.74),
('24113', 216.99, 1.73, 0.01, 0.46, 2.51, 212.28, 465.72),
('24114', 202.16, 0.60, 0.00, 0.00, 0.60, 200.96, 827.19),
('24115', 174.00, 69.38, 2.70, 2.82, 0.78, 98.32, 66.70),
('24116', 5702.09, 3995.19, 1179.65, 94.11, 18.23, 414.91, 240.28),
('24117', 1209.92, 896.40, 214.20, 35.17, 2.46, 61.69, 342.27),
('24118', 1025.23, 825.82, 2.87, 5.95, 2.59, 188.00, 6.47),
('24119', 219.36, 50.71, 3.14, 0.78, 1.59, 163.14, 1.00),
('24120', 112.84, 46.77, 61.03, 1.09, 1.46, 2.49, 11.24),
('24121', 97.50, 54.88, 12.06, 11.69, 2.36, 16.51, 133.15),
('24122', 500.98, 167.25, 30.12, 12.80, 3.92, 286.89, 30.25),
('25001', 475.40, 0.01, 0.00, 0.03, 0.21, 475.15, 421.90),
('25002', 660.78, 9.17, 2.88, 0.00, 0.68, 648.05, 347.35),
('25003', 519.46, 2.78, 0.00, 0.00, 0.00, 516.68, 188.00),
('25004', 843.81, 48.79, 3.37, 2.27, 1.32, 788.06, 107.81),
('25005', 309.82, 49.66, 1.05, 4.29, 0.05, 254.77, 292.42),
('25006', 3778.37, 1202.62, 0.50, 116.46, 6.47, 2452.32, 1038.14),
('25007', 524.78, 6.90, 0.00, 0.00, 0.00, 517.88, 557.31),
('25008', 4.65, 1.41, 0.00, 0.00, 0.00, 3.24, 3.04),
('25009', 304.92, 51.00, 0.00, 0.00, 0.00, 253.92, 21.90),
('25010', 67.62, 0.04, 0.00, 0.04, 0.02, 67.52, 927.06),
('25011', 2618.74, 202.55, 10.95, 45.16, 3.17, 2356.91, 1715.83),
('25012', 326.44, 3.86, 0.00, 1.07, 0.23, 321.28, 69.79),
('25013', 56.43, 11.00, 0.00, 0.15, 0.01, 45.27, 90.97),
('25014', 78.88, 4.70, 0.40, 0.30, 0.00, 73.48, 3.99),
('25015', 2572.86, 20.00, 0.00, 0.00, 0.15, 2552.71, 1596.18),
('25016', 5488.93, 12.79, 0.53, 0.80, 0.50, 5474.31, 10556.30),
('25017', 49.70, 0.00, 0.00, 0.00, 0.00, 49.70, 0.00),
('25018', 73.89, 0.80, 0.00, 0.00, 0.20, 72.89, 7.46),
('25019', 457.56, 0.00, 0.00, 0.00, 0.04, 457.52, 1201.26),
('25020', 483.90, 10.33, 0.23, 0.60, 1.39, 471.35, 75.23),
('25021', 3210.07, 573.12, 10.48, 12.36, 7.89, 2606.22, 506.31),
('25022', 396.26, 72.93, 10.84, 0.70, 3.60, 308.19, 207.99),
('25023', 332.89, 10.47, 0.00, 0.00, 0.00, 322.42, 89.42),
('25024', 131.07, 66.73, 0.00, 0.02, 0.00, 64.32, 28.69),
('25025', 92.80, 6.00, 0.78, 0.00, 0.04, 85.98, 16.34),
('25026', 263.54, 40.44, 0.02, 0.05, 1.59, 221.44, 100.80),
('25027', 319.59, 0.00, 0.00, 0.04, 0.36, 319.19, 1485.03),
('25028', 646.48, 50.48, 0.25, 2.57, 0.97, 592.21, 479.08),
('25029', 1091.78, 185.05, 11.59, 0.61, 3.77, 890.76, 240.43),
('25030', 2074.69, 0.80, 0.00, 1.00, 0.04, 2072.85, 453.59),
('25031', 149.97, 0.26, 0.00, 6.00, 0.32, 143.39, 163.22),
('25032', 109.86, 2.74, 0.02, 0.08, 0.00, 107.02, 6.30),
('25033', 193.24, 2.15, 0.00, 0.00, 0.03, 191.06, 0.00),
('25034', 1292.04, 236.34, 0.01, 1.65, 5.75, 1048.29, 427.63),
('25035', 1.54, 0.03, 0.00, 0.00, 0.01, 1.50, 0.00),
('25036', 804.69, 43.54, 0.72, 2.23, 1.63, 756.57, 318.20),
('25037', 47.27, 0.40, 0.24, 0.00, 0.00, 46.63, 35.27),
('25038', 487.56, 148.35, 0.00, 0.30, 0.90, 338.01, 64.49),
('25039', 161.14, 0.30, 0.00, 0.00, 0.27, 160.57, 6.46),
('25040', 644.43, 22.54, 0.39, 1.94, 0.80, 618.76, 196.86),
('25041', 309.72, 65.65, 0.00, 1.66, 1.30, 241.11, 83.27),
('25042', 320.54, 9.99, 1.70, 0.34, 0.71, 307.80, 181.16),
('25043', 67.80, 0.02, 0.00, 0.65, 0.02, 67.11, 6.38),
('25044', 995.72, 2.20, 0.00, 0.00, 0.13, 993.39, 124.97),
('25045', 339.48, 45.69, 0.05, 4.54, 0.30, 288.90, 184.56),
('25046', 221.93, 0.60, 0.00, 0.00, 0.00, 221.33, 10.34),
('25047', 1271.09, 1.00, 0.00, 0.00, 0.05, 1270.04, 1706.20),
('25048', 838.63, 413.57, 0.00, 2.32, 1.32, 421.42, 1418.60),
('25049', 44.19, 0.00, 0.00, 0.18, 0.01, 44.00, 2.50),
('25050', 575.39, 0.00, 0.00, 0.00, 0.00, 575.39, 284.75),
('25051', 643.69, 8.60, 0.00, 0.00, 0.20, 634.89, 2501.77),
('25052', 672.46, 3.30, 0.00, 0.00, 0.00, 669.16, 119.24),
('25053', 3351.72, 430.22, 0.06, 15.80, 0.83, 2904.81, 2438.87),
('25054', 1303.45, 0.00, 0.00, 0.00, 0.00, 1303.45, 1542.51),
('25055', 806.32, 67.37, 0.00, 2.63, 1.01, 735.31, 364.85),
('25056', 906.07, 133.78, 0.00, 1.88, 0.53, 769.88, 1348.50),
('25057', 32.73, 0.22, 0.00, 0.00, 0.09, 32.42, 7.58),
('25058', 1876.83, 10.56, 0.00, 1.45, 0.44, 1864.38, 236.73),
('25059', 111.26, 15.35, 0.00, 0.00, 0.17, 95.74, 212.55),
('25060', 862.63, 0.77, 0.00, 0.00, 0.50, 861.36, 773.74),
('25061', 1126.99, 136.21, 0.00, 0.56, 1.67, 988.55, 259.14),
('25062', 59.86, 0.00, 0.00, 0.00, 0.00, 59.86, 4.48),
('25063', 58.40, 2.00, 0.00, 0.00, 0.22, 56.18, 292.86),
('25064', 38.62, 2.04, 0.10, 0.05, 0.00, 36.43, 166.66),
('25065', 519.30, 12.75, 0.20, 0.00, 0.00, 506.35, 40.86),
('25066', 461.35, 7.68, 8.68, 0.00, 0.15, 444.84, 1288.45),
('25067', 58.37, 0.00, 0.00, 0.00, 0.05, 58.32, 34.60),
('25068', 892.58, 1.99, 0.00, 1.05, 0.20, 889.34, 2015.13),
('25069', 9.66, 2.20, 0.00, 0.70, 0.00, 6.76, 6.32),
('26001', 1514.18, 1298.95, 32.58, 33.51, 5.06, 144.08, 5.54),
('26002', 484.62, 344.74, 92.08, 26.72, 2.75, 18.33, 4.41),
('26003', 1437.73, 934.29, 62.60, 26.31, 16.90, 397.63, 101.66),
('26004', 1117.87, 80.51, 11.32, 14.31, 2.79, 1008.94, 191.68),
('26005', 1486.36, 1186.58, 188.80, 72.98, 8.81, 29.19, 11.53),
('26006', 666.60, 395.03, 65.82, 30.91, 3.40, 171.44, 17.08),
('26007', 447.50, 194.30, 133.55, 16.96, 1.84, 100.85, 65.92),
('26008', 1097.49, 902.49, 93.56, 20.98, 5.53, 74.93, 0.72),
('26009', 1381.43, 1250.34, 95.79, 17.16, 7.61, 10.53, 6.18),
('26010', 478.47, 433.08, 31.66, 2.96, 4.12, 6.65, 4.17),
('26011', 437.11, 123.55, 28.99, 4.74, 4.86, 274.97, 2417.40),
('26012', 2589.23, 2361.00, 45.42, 81.60, 7.13, 94.08, 6.89),
('26013', 1212.97, 988.23, 33.70, 5.62, 4.83, 180.59, 1.45),
('26014', 392.41, 65.00, 27.96, 16.64, 0.36, 282.45, 195.35),
('26015', 1636.69, 1094.54, 491.13, 42.02, 7.02, 1.98, 11.98),
('26016', 1189.56, 682.40, 495.73, 5.75, 1.46, 4.22, 8.13),
('26017', 881.47, 483.39, 351.55, 5.81, 1.84, 38.88, 38.30),
('26018', 458.03, 128.79, 155.60, 15.03, 2.97, 155.64, 285.25),
('26019', 1444.21, 911.93, 469.89, 8.76, 4.11, 49.52, 2.28),
('26020', 729.05, 335.35, 306.69, 4.74, 1.06, 81.21, 33.61),
('26021', 1743.15, 641.20, 893.09, 25.21, 4.95, 178.70, 124.76),
('26022', 1123.62, 703.26, 303.83, 15.17, 4.28, 97.08, 50.45),
('26023', 413.90, 190.82, 133.84, 13.26, 1.22, 74.76, 197.54),
('26024', 589.19, 158.83, 5.00, 3.17, 2.64, 419.55, 153.23),
('26025', 689.34, 379.41, 87.46, 10.69, 4.26, 207.52, 151.89),
('26026', 2627.47, 1465.46, 992.23, 17.91, 3.26, 148.61, 205.81),
('26027', 397.37, 119.45, 135.39, 14.31, 1.39, 126.83, 326.46),
('26028', 2443.60, 1120.78, 1207.38, 25.13, 5.97, 84.34, 8.77),
('26029', 747.24, 470.47, 27.73, 6.47, 2.15, 240.42, 61.87),
('26030', 370.85, 30.15, 61.20, 10.53, 1.18, 267.79, 602.60),
('26031', 1631.13, 1146.30, 436.44, 13.20, 6.61, 28.58, 14.99),
('26032', 676.42, 478.00, 64.68, 36.45, 2.19, 95.10, 107.43),
('26033', 1483.96, 925.02, 463.23, 18.56, 4.11, 73.04, 4.19),
('26034', 1620.83, 1092.97, 487.97, 0.90, 3.10, 35.89, 17.85),
('26035', 1606.11, 1258.62, 8.57, 18.88, 5.31, 314.73, 2.34),
('26036', 1545.72, 1293.77, 7.47, 108.43, 6.18, 129.87, 2.28),
('26037', 2140.04, 1262.68, 641.10, 20.77, 4.70, 210.79, 17.42),
('26038', 2963.83, 1849.34, 895.12, 67.21, 3.16, 149.00, 1.64),
('26039', 1204.37, 797.22, 194.24, 74.47, 5.54, 132.90, 230.33),
('26040', 1331.30, 981.46, 216.48, 43.88, 6.69, 82.79, 29.15),
('26041', 898.01, 680.00, 201.29, 3.07, 0.97, 12.68, 16.60),
('26042', 597.00, 49.69, 303.26, 9.79, 1.77, 232.49, 715.86),
('26043', 1948.79, 1754.89, 138.84, 20.24, 16.64, 18.18, 13.14),
('26044', 2223.19, 1813.87, 362.69, 16.16, 3.28, 27.19, 5.39),
('26045', 429.79, 34.42, 48.22, 7.88, 9.10, 330.17, 100.08),
('26046', 2315.35, 1551.68, 284.99, 84.24, 11.09, 383.35, 141.99),
('26047', 598.65, 547.76, 1.08, 14.19, 7.04, 28.58, 2.00),
('26048', 786.13, 621.92, 56.71, 0.63, 1.69, 105.18, 29.64),
('26049', 2202.76, 1380.45, 771.51, 2.42, 2.96, 45.42, 4.18),
('26050', 1208.92, 737.69, 257.82, 41.99, 2.78, 168.64, 150.43),
('26051', 3010.05, 1628.23, 1306.80, 14.87, 5.03, 55.12, 7.89),
('26052', 1411.86, 268.32, 998.02, 73.40, 2.65, 69.47, 2.35),
('26053', 599.72, 434.19, 152.32, 2.66, 1.41, 9.14, 2.32),
('26054', 499.67, 108.45, 9.00, 5.32, 0.51, 376.39, 177.86),
('26055', 1993.83, 1748.78, 34.24, 48.82, 6.47, 155.52, 9.91),
('26056', 886.26, 522.48, 118.82, 12.82, 1.96, 230.18, 118.02),
('26057', 628.93, 269.98, 242.40, 11.81, 3.53, 101.21, 133.75),
('26058', 2551.32, 1073.00, 1450.59, 8.95, 7.31, 11.47, 8.43),
('26059', 1238.81, 952.38, 79.54, 40.40, 4.97, 161.52, 4.96),
('26060', 269.46, 168.06, 38.63, 0.88, 0.44, 61.45, 1.00),
('26061', 327.24, 16.23, 1.08, 2.70, 0.24, 306.99, 64.79),
('26062', 809.17, 638.89, 48.53, 56.83, 5.57, 59.35, 4.03),
('26063', 1194.73, 1120.03, 36.43, 9.19, 9.22, 19.86, 2.79),
('26064', 954.15, 910.27, 8.32, 9.73, 6.34, 19.49, 6.76),
('26065', 675.40, 51.09, 387.37, 5.88, 1.57, 229.49, 178.63),
('26066', 1401.38, 1358.32, 4.40, 8.24, 7.46, 22.96, 1.32),
('26067', 139.54, 12.25, 4.12, 0.05, 0.38, 122.74, 61.24),
('26068', 1959.66, 1715.03, 11.06, 41.48, 8.22, 183.87, 5.27),
('26069', 4158.31, 3688.64, 424.50, 16.39, 14.27, 14.51, 44.04),
('26070', 1787.24, 952.13, 797.93, 19.12, 4.75, 13.31, 2.61),
('26071', 2881.57, 2198.33, 611.99, 34.11, 9.06, 28.08, 52.87),
('26072', 890.37, 511.76, 294.83, 12.27, 2.10, 69.41, 3.45),
('26073', 764.98, 56.06, 637.28, 5.06, 5.80, 60.78, 180.40),
('26074', 1502.71, 313.66, 1119.36, 60.59, 3.45, 5.65, 0.64),
('26075', 757.89, 462.50, 251.15, 17.62, 1.85, 24.77, 66.22),
('26076', 914.34, 574.59, 276.59, 0.82, 3.39, 58.95, 0.49),
('26077', 1162.50, 789.80, 25.19, 20.52, 3.27, 323.72, 67.22),
('26078', 397.61, 166.71, 93.64, 6.80, 3.10, 127.36, 92.07),
('26079', 205.51, 3.28, 26.00, 3.35, 1.87, 171.01, 194.10),
('26080', 759.60, 649.17, 32.59, 2.97, 1.83, 73.04, 37.06),
('26081', 914.53, 755.46, 92.65, 17.88, 3.70, 44.84, 17.06),
('26082', 1311.48, 1010.74, 208.60, 49.74, 0.74, 41.66, 19.27),
('26083', 2054.31, 913.08, 784.56, 28.38, 2.39, 325.90, 204.03),
('26084', 463.42, 79.77, 215.59, 8.56, 2.42, 157.08, 282.52),
('26085', 1515.08, 1224.34, 32.69, 42.34, 9.89, 205.82, 12.81),
('26086', 2338.51, 2061.93, 141.66, 34.78, 11.80, 88.34, 14.29),
('26087', 2692.14, 392.19, 1395.33, 67.32, 3.54, 833.76, 1190.57),
('26088', 1698.49, 466.30, 1146.69, 30.34, 7.06, 48.10, 0.23),
('26089', 4028.98, 3695.71, 41.81, 55.27, 13.54, 222.65, 8.25),
('26090', 766.60, 228.53, 417.31, 0.55, 0.63, 119.58, 80.54),
('26091', 1166.24, 846.00, 217.02, 27.77, 3.86, 71.59, 5.74),
('26092', 2195.77, 671.90, 878.99, 36.49, 7.26, 601.13, 411.23),
('26093', 1718.94, 983.23, 305.96, 56.73, 12.75, 360.27, 387.96),
('26094', 573.55, 465.98, 101.35, 1.98, 0.74, 3.50, 0.95),
('26095', 1410.79, 1361.14, 11.74, 12.64, 16.58, 8.69, 0.80),
('27001', 1604.30, 850.93, 731.94, 6.83, 3.72, 10.88, 5.58),
('27002', 1740.97, 1637.22, 20.80, 23.71, 5.04, 54.20, 54.61),
('27003', 1369.92, 1219.82, 78.13, 62.11, 9.46, 0.40, 1.08),
('27004', 1336.52, 1242.49, 64.64, 21.10, 7.53, 0.76, 1.39),
('27005', 8041.69, 7645.99, 203.11, 147.94, 1.86, 42.79, 106.44),
('27006', 8746.96, 8553.69, 21.59, 71.93, 7.19, 92.56, 17.51),
('27007', 1316.20, 1232.91, 66.85, 4.80, 1.73, 9.91, 6.52),
('27008', 5566.97, 5497.82, 4.05, 36.29, 5.95, 22.86, 32.01),
('27009', 1399.02, 1265.56, 108.33, 4.01, 1.47, 19.65, 12.78),
('27010', 4377.95, 4220.57, 58.89, 80.96, 1.88, 15.65, 31.14),
('27011', 4390.85, 4230.15, 89.55, 23.93, 1.75, 45.47, 35.79),
('27012', 1345.05, 1279.30, 34.23, 17.53, 7.02, 6.97, 7.83),
('27013', 7355.40, 6551.93, 321.88, 153.06, 11.66, 316.87, 23.75),
('27014', 503.70, 462.60, 20.21, 15.54, 1.88, 3.47, 0.61),
('27015', 882.09, 742.54, 117.60, 16.04, 2.82, 3.09, 19.35),
('27016', 2009.91, 1886.91, 93.78, 26.25, 2.47, 0.50, 9.32),
('27017', 468.64, 393.73, 14.28, 19.33, 3.21, 38.09, 2.84),
('27018', 1091.08, 1032.32, 38.79, 9.43, 4.59, 5.95, 3.12),
('27019', 3761.41, 3152.59, 280.87, 229.10, 10.68, 88.17, 87.78),
('27020', 1255.47, 1197.46, 25.36, 3.65, 5.43, 23.57, 40.21),
('27021', 683.51, 631.51, 19.67, 16.01, 7.75, 8.57, 5.01),
('27022', 1734.35, 1436.19, 253.86, 10.51, 6.59, 27.20, 6.67),
('27023', 2999.95, 2897.85, 31.97, 11.55, 18.80, 39.78, 25.89),
('27024', 2313.03, 2191.11, 53.26, 42.02, 16.81, 9.83, 7.63),
('27025', 2814.45, 2447.57, 289.81, 56.18, 2.44, 18.45, 23.86),
('27026', 2033.19, 1744.14, 41.73, 10.47, 11.60, 225.25, 3.56),
('27027', 1121.44, 870.19, 239.56, 7.04, 2.05, 2.60, 11.49),
('27028', 1135.01, 1046.16, 49.22, 21.70, 9.75, 8.18, 0.97),
('27029', 6647.93, 5437.72, 1120.01, 63.59, 10.88, 15.73, 19.83),
('27030', 1573.01, 886.12, 665.41, 13.69, 2.83, 4.96, 1.14),
('27031', 2033.45, 1946.02, 48.35, 1.71, 1.76, 35.61, 23.68),
('27032', 745.56, 660.02, 38.09, 9.26, 10.37, 27.82, 21.69),
('27033', 4611.59, 3975.00, 513.42, 83.17, 10.83, 29.17, 36.93),
('27034', 6455.20, 6140.83, 92.11, 136.67, 10.15, 75.44, 91.07),
('27035', 1475.07, 1414.83, 25.28, 9.51, 16.47, 8.98, 3.00),
('27036', 3708.02, 3389.16, 259.55, 24.85, 4.60, 29.86, 81.06),
('27037', 1881.26, 1789.11, 43.35, 18.03, 26.25, 4.52, 3.34),
('27038', 457.94, 428.45, 10.76, 11.13, 4.47, 3.13, 0.35),
('27039', 351.54, 329.75, 9.85, 4.75, 5.40, 1.79, 2.79),
('27040', 744.88, 727.81, 7.03, 2.11, 2.04, 5.89, 5.53),
('27041', 2970.73, 2717.86, 205.33, 24.72, 3.38, 19.44, 60.06),
('27042', 5844.08, 5104.75, 267.62, 106.17, 24.03, 341.51, 86.30),
('27043', 524.79, 451.52, 18.27, 46.67, 8.17, 0.16, 0.10),
('27044', 646.58, 599.30, 2.75, 9.40, 5.50, 29.63, 0.00),
('28001', 917.74, 883.36, 6.81, 21.55, 3.10, 2.92, 22.06),
('28002', 1255.38, 1147.06, 91.60, 7.17, 3.58, 5.97, 3.60),
('28003', 980.79, 936.69, 22.18, 7.01, 2.97, 11.94, 12.00),
('28004', 1987.93, 1705.69, 38.70, 6.77, 4.75, 232.02, 4.96),
('28005', 541.28, 293.44, 127.01, 93.93, 5.63, 21.27, 166.45),
('28006', 900.76, 809.71, 72.96, 12.55, 3.27, 2.27, 16.32),
('28007', 961.38, 935.02, 6.34, 11.81, 4.22, 3.99, 7.49),
('28008', 2073.48, 1900.60, 137.06, 10.13, 2.03, 23.66, 34.53),
('28009', 1035.62, 618.34, 245.59, 94.80, 6.55, 70.34, 146.97),
('28010', 599.99, 557.22, 1.11, 40.90, 0.76, 0.00, 0.80),
('28011', 165.90, 114.41, 41.50, 2.87, 0.24, 6.88, 36.60),
('28012', 1118.18, 1006.93, 2.93, 91.22, 1.84, 15.26, 0.00),
('28013', 1165.93, 1106.39, 13.45, 22.63, 13.63, 9.83, 0.98),
('28014', 1702.90, 1542.21, 62.17, 33.75, 6.12, 58.65, 2.77),
('28015', 1336.99, 1295.79, 9.38, 16.21, 6.87, 8.74, 6.30),
('28016', 502.24, 468.76, 18.78, 4.86, 4.94, 4.90, 1.48),
('28017', 1125.46, 1009.72, 79.03, 16.14, 9.52, 11.05, 2.85),
('28018', 755.92, 614.65, 2.70, 0.95, 6.09, 131.53, 0.30),
('28019', 1129.01, 1089.67, 16.05, 0.73, 12.72, 9.84, 3.83),
('28020', 715.20, 648.88, 15.53, 6.66, 4.17, 39.96, 2.89),
('28021', 1681.68, 1570.00, 96.44, 10.32, 3.39, 1.53, 3.20),
('28022', 784.95, 758.39, 1.47, 20.15, 2.74, 2.20, 0.30),
('28023', 1074.00, 542.45, 1.72, 1.97, 2.25, 525.61, 0.34),
('28026', 1182.32, 1048.23, 89.67, 10.78, 7.67, 25.97, 13.64),
('28027', 1468.73, 1427.18, 24.63, 9.16, 7.51, 0.25, 3.92),
('28028', 1122.01, 1055.34, 8.39, 11.46, 7.05, 39.77, 9.01),
('28029', 1092.92, 759.41, 44.88, 256.38, 2.13, 30.12, 3.87),
('28030', 1192.89, 1112.07, 27.88, 23.86, 4.55, 24.53, 5.40),
('28031', 731.93, 202.86, 465.11, 49.23, 3.21, 11.52, 210.40),
('28032', 2083.22, 1772.26, 35.48, 24.40, 5.25, 245.83, 17.81),
('28033', 2986.02, 2827.07, 11.47, 53.37, 12.91, 81.20, 6.81),
('28034', 1625.43, 1425.69, 177.82, 15.16, 5.39, 1.37, 6.98),
('28035', 4115.20, 3907.92, 28.11, 60.63, 13.72, 104.82, 3.78),
('28036', 733.75, 688.92, 24.00, 1.50, 5.26, 14.07, 3.67),
('28037', 2189.39, 1985.59, 54.09, 38.92, 5.81, 104.98, 45.85),
('28038', 971.44, 765.48, 3.26, 6.94, 3.88, 191.88, 34.51),
('28039', 400.20, 357.75, 1.90, 3.70, 1.57, 35.28, 0.05),
('28040', 463.72, 135.00, 263.29, 54.85, 7.54, 3.04, 147.47),
('28041', 1752.89, 771.97, 2.22, 3.14, 2.73, 972.83, 1.62),
('28042', 809.79, 343.55, 0.99, 0.08, 1.91, 463.26, 6.93),
('28043', 808.36, 804.82, 0.80, 0.00, 2.12, 0.62, 2.50),
('28044', 1053.87, 967.01, 13.08, 61.27, 6.91, 5.60, 2.50),
('28045', 689.79, 643.40, 30.74, 0.07, 2.94, 12.64, 5.49),
('28046', 1129.99, 1102.50, 7.86, 8.22, 9.16, 2.25, 2.39),
('28047', 1595.86, 1501.37, 73.00, 13.76, 4.84, 2.89, 58.32),
('28048', 1077.31, 1041.53, 24.28, 5.90, 5.60, 0.00, 3.00),
('28049', 916.12, 760.40, 34.55, 112.41, 1.26, 7.50, 4.47),
('28050', 810.54, 764.44, 15.41, 15.48, 11.78, 3.43, 0.61),
('28051', 1066.18, 1055.64, 7.19, 1.08, 0.27, 2.00, 4.50),
('28052', 1140.37, 1110.19, 2.85, 3.70, 2.83, 20.80, 0.00),
('28053', 1645.29, 1351.52, 141.93, 139.67, 2.17, 10.00, 14.30),
('28054', 1478.30, 1429.89, 13.42, 1.44, 2.93, 30.62, 1.06),
('28055', 2969.65, 2673.47, 200.54, 65.14, 7.90, 22.60, 88.33),
('28056', 3272.10, 3160.64, 60.35, 23.37, 7.19, 20.55, 2.65),
('28057', 402.62, 281.49, 92.53, 18.20, 4.26, 6.14, 98.11),
('28058', 142.18, 120.26, 3.12, 9.93, 1.60, 7.27, 1.93),
('28059', 1491.39, 1458.23, 5.57, 2.50, 6.01, 19.08, 3.31),
('28060', 5563.47, 4977.98, 218.84, 158.64, 15.46, 192.55, 80.13),
('28061', 892.58, 753.43, 51.92, 77.85, 2.98, 6.40, 1.64),
('28062', 1310.17, 1238.42, 6.89, 57.68, 2.08, 5.10, 18.35),
('28063', 2841.05, 2350.29, 23.69, 25.52, 5.77, 435.78, 10.31),
('28064', 1732.18, 1629.41, 14.55, 28.40, 10.75, 49.07, 8.20),
('28065', 2371.44, 2272.59, 24.44, 58.08, 10.33, 6.00, 0.32),
('28066', 644.94, 604.84, 2.95, 26.51, 3.52, 7.12, 1.45),
('28067', 738.59, 724.21, 2.86, 4.85, 4.29, 2.38, 0.00),
('28068', 788.88, 731.30, 7.59, 47.60, 2.11, 0.28, 0.00),
('28069', 592.56, 565.20, 6.71, 15.17, 4.49, 0.99, 0.60),
('28070', 1773.51, 1662.31, 18.56, 4.44, 6.21, 81.99, 0.30),
('28071', 1654.45, 1387.58, 224.83, 26.16, 3.25, 12.63, 85.45),
('28072', 608.75, 574.45, 6.39, 9.42, 5.32, 13.17, 0.01),
('28073', 738.71, 679.94, 27.23, 16.15, 2.63, 12.76, 3.39),
('28074', 801.01, 746.54, 3.31, 2.96, 3.28, 44.92, 0.86),
('28075', 1073.25, 1013.99, 28.47, 18.87, 4.36, 7.56, 0.20),
('28076', 1828.33, 1602.96, 6.15, 21.27, 10.09, 187.86, 19.75),
('28077', 1370.07, 1325.20, 1.96, 9.84, 3.83, 29.24, 1.53),
('28078', 1284.34, 390.48, 3.73, 1.02, 0.02, 889.09, 1.41),
('28079', 1012.34, 852.65, 41.55, 58.29, 5.03, 54.82, 3.53),
('28080', 995.29, 938.28, 9.88, 28.47, 8.34, 10.32, 3.33),
('28081', 887.59, 870.45, 1.99, 8.11, 6.64, 0.40, 0.41),
('28082', 740.03, 638.24, 12.45, 83.38, 2.74, 3.22, 0.50),
('28083', 580.97, 573.59, 5.89, 0.23, 1.10, 0.16, 5.02),
('28084', 2156.13, 2049.89, 2.03, 69.05, 3.03, 32.13, 36.17),
('28085', 655.57, 441.25, 31.33, 177.13, 4.51, 1.35, 0.05),
('28086', 955.13, 898.78, 31.15, 3.39, 2.40, 19.41, 2.07),
('28087', 468.10, 456.72, 4.70, 2.63, 1.91, 2.14, 6.02),
('28088', 1133.65, 1079.94, 4.97, 29.33, 4.15, 15.26, 1.60),
('28089', 1300.71, 841.96, 364.61, 52.74, 7.72, 33.68, 268.78),
('28090', 1095.29, 970.36, 110.15, 10.38, 4.40, 0.00, 5.37),
('28091', 725.38, 670.39, 1.63, 8.34, 0.92, 44.10, 0.50),
('28092', 716.02, 528.43, 133.92, 24.34, 3.40, 25.93, 165.20),
('28093', 1775.49, 1712.38, 23.33, 13.73, 15.65, 10.40, 1.43),
('28094', 1337.02, 1192.88, 104.68, 22.57, 6.94, 9.95, 18.94),
('28095', 1294.78, 1186.25, 60.76, 41.22, 6.23, 0.32, 2.23),
('28096', 1167.82, 1101.50, 19.90, 6.13, 3.96, 36.33, 7.17),
('28097', 1760.81, 1679.99, 47.37, 5.60, 0.73, 27.12, 0.00),
('28098', 1271.20, 1248.03, 7.07, 9.22, 2.98, 3.90, 0.00),
('28099', 1075.43, 967.61, 69.59, 6.48, 7.49, 24.26, 4.98),
('28100', 1480.90, 1400.77, 40.79, 18.28, 10.73, 10.33, 22.92),
('28101', 1039.76, 953.25, 10.72, 26.37, 5.31, 44.11, 2.25),
('28102', 1193.30, 1177.47, 0.05, 8.94, 3.92, 2.92, 0.00),
('28103', 1658.15, 1459.76, 14.89, 2.59, 7.35, 173.56, 4.82),
('28104', 681.60, 615.20, 35.55, 15.51, 5.38, 9.96, 1.72),
('28105', 1080.60, 324.07, 735.40, 11.26, 1.50, 8.37, 168.32),
('28106', 1819.71, 1503.50, 271.01, 24.07, 3.94, 17.19, 14.28),
('29001', 8206.21, 8018.03, 30.98, 29.76, 15.67, 111.77, 24.68),
('29002', 5154.07, 5014.86, 5.36, 70.07, 2.73, 61.05, 39.49),
('29003', 1420.37, 1410.67, 3.27, 4.00, 2.43, 0.00, 0.21),
('29004', 2955.82, 2634.24, 12.88, 297.65, 6.62, 4.43, 3.05),
('29005', 1809.53, 1757.70, 2.30, 46.92, 1.41, 1.20, 5.23),
('29006', 1292.88, 1179.66, 2.76, 0.44, 0.72, 109.30, 6.62),
('29007', 350.16, 340.60, 5.38, 3.50, 0.68, 0.00, 0.99),
('29008', 571.36, 540.46, 0.85, 0.00, 0.05, 30.00, 0.00),
('29009', 2249.27, 2159.03, 12.39, 47.50, 1.90, 28.45, 13.03),
('29010', 1027.13, 991.10, 2.13, 31.74, 2.16, 0.00, 13.59),
('29011', 1535.41, 1480.67, 2.46, 47.13, 0.81, 4.34, 11.06),
('29012', 787.72, 754.31, 0.73, 8.50, 1.01, 23.17, 0.00),
('29013', 2572.53, 2512.29, 4.76, 7.73, 0.09, 47.66, 1.92),
('29014', 2348.38, 2314.76, 3.62, 27.24, 0.74, 2.02, 3.26),
('29015', 1932.36, 1835.72, 3.11, 89.58, 1.80, 2.15, 9.65),
('29017', 1178.16, 1171.21, 0.06, 0.00, 6.89, 0.00, 0.06),
('29018', 1568.87, 1491.07, 15.84, 57.73, 1.98, 2.25, 0.60),
('29019', 2363.95, 2327.95, 4.02, 12.22, 3.26, 16.50, 1.66),
('29021', 1075.30, 1052.19, 12.56, 9.59, 0.96, 0.00, 0.30),
('29022', 2218.79, 2174.31, 17.82, 23.34, 3.32, 0.00, 38.79),
('29023', 1821.12, 1806.44, 9.94, 3.13, 1.61, 0.00, 6.25),
('29024', 1469.23, 1352.16, 3.27, 112.56, 1.21, 0.03, 4.91),
('29025', 806.62, 760.22, 3.64, 27.98, 0.69, 14.09, 0.77),
('29026', 1854.81, 1832.36, 3.81, 13.70, 3.44, 1.50, 6.45),
('29027', 1293.27, 1067.47, 6.04, 216.78, 1.59, 1.39, 0.00),
('29028', 1189.42, 1140.99, 6.74, 18.71, 1.33, 21.65, 0.00),
('29029', 4184.95, 3969.80, 18.50, 187.78, 3.56, 5.31, 8.80),
('29030', 3103.98, 3006.41, 2.55, 11.94, 2.75, 80.33, 22.00),
('29031', 1235.26, 1165.99, 1.65, 64.62, 3.00, 0.00, 0.00),
('29032', 1196.15, 1161.55, 3.52, 8.81, 3.13, 19.14, 1.14),
('29033', 1905.52, 1766.65, 13.19, 88.68, 1.55, 35.45, 27.75),
('29034', 1327.18, 1250.77, 7.41, 17.88, 5.51, 45.61, 0.54),
('29035', 1422.69, 1401.63, 8.03, 10.07, 2.60, 0.36, 0.50),
('29036', 1333.52, 1297.45, 4.77, 29.30, 0.88, 1.12, 5.00),
('29037', 1159.26, 1134.54, 5.12, 8.05, 1.05, 10.50, 7.00),
('29038', 977.42, 938.68, 1.32, 13.45, 0.71, 23.26, 0.00),
('29039', 12022.19, 11976.67, 1.50, 4.90, 7.45, 31.67, 92.35),
('29040', 1280.48, 1245.29, 0.00, 3.66, 4.40, 27.13, 4.44),
('29041', 6781.61, 6563.92, 19.89, 151.69, 9.42, 36.69, 20.81),
('29042', 1139.88, 1097.90, 4.37, 27.42, 0.36, 9.83, 0.35),
('29043', 1111.98, 1065.88, 0.46, 44.09, 1.05, 0.50, 1.00),
('29044', 2126.31, 2066.39, 5.01, 26.74, 2.15, 26.02, 1.13),
('29045', 1751.26, 1631.03, 15.55, 83.85, 0.72, 20.11, 2.97),
('29046', 6483.45, 6254.79, 51.76, 21.51, 1.65, 153.74, 11.27),
('29047', 2602.08, 2412.64, 15.49, 168.14, 2.30, 3.51, 4.00),
('29048', 3082.43, 3000.96, 2.46, 77.19, 1.05, 0.77, 3.17),
('29049', 865.71, 813.30, 2.04, 49.36, 0.99, 0.02, 0.00),
('29050', 1211.43, 1033.80, 2.93, 173.33, 0.59, 0.78, 3.45),
('29051', 1250.28, 1212.33, 0.53, 7.05, 2.97, 27.40, 1.97),
('29052', 5999.63, 5878.70, 13.72, 0.34, 2.00, 104.87, 1.55);

/*!40101 SET CHARACTER_SET_CLIENT=@OLD_CHARACTER_SET_CLIENT */;
/*!40101 SET CHARACTER_SET_RESULTS=@OLD_CHARACTER_SET_RESULTS */;
/*!40101 SET COLLATION_CONNECTION=@OLD_COLLATION_CONNECTION */;
